{"type":"FeatureCollection","features":[{"type":"Feature","properties":{"name":"Bassar","country":"Togo","iso":"TG","rank":10,"pop":61845,"cap":0},"geometry":{"type":"Point","coordinates":[0.789,9.261]}},{"type":"Feature","properties":{"name":"Sotouboua","country":"Togo","iso":"TG","rank":10,"pop":21054,"cap":0},"geometry":{"type":"Point","coordinates":[0.985,8.557]}},{"type":"Feature","properties":{"name":"Medenine","country":"Tunisia","iso":"TN","rank":10,"pop":61705,"cap":0},"geometry":{"type":"Point","coordinates":[10.4167,33.4]}},{"type":"Feature","properties":{"name":"Kebili","country":"Tunisia","iso":"TN","rank":10,"pop":19875,"cap":0},"geometry":{"type":"Point","coordinates":[8.971,33.69]}},{"type":"Feature","properties":{"name":"Tataouine","country":"Tunisia","iso":"TN","rank":10,"pop":62577,"cap":0},"geometry":{"type":"Point","coordinates":[10.4667,33.0]}},{"type":"Feature","properties":{"name":"L'Ariana","country":"Tunisia","iso":"TN","rank":10,"pop":97687,"cap":0},"geometry":{"type":"Point","coordinates":[10.2,36.8667]}},{"type":"Feature","properties":{"name":"Jendouba","country":"Tunisia","iso":"TN","rank":10,"pop":51408,"cap":0},"geometry":{"type":"Point","coordinates":[8.75,36.5]}},{"type":"Feature","properties":{"name":"Kasserine","country":"Tunisia","iso":"TN","rank":10,"pop":76243,"cap":0},"geometry":{"type":"Point","coordinates":[8.7167,35.2167]}},{"type":"Feature","properties":{"name":"Sdid Bouzid","country":"Tunisia","iso":"TN","rank":10,"pop":42098,"cap":0},"geometry":{"type":"Point","coordinates":[9.5,35.0167]}},{"type":"Feature","properties":{"name":"Siliana","country":"Tunisia","iso":"TN","rank":10,"pop":26960,"cap":0},"geometry":{"type":"Point","coordinates":[9.3833,36.0833]}},{"type":"Feature","properties":{"name":"Mahdia","country":"Tunisia","iso":"TN","rank":10,"pop":45977,"cap":0},"geometry":{"type":"Point","coordinates":[11.0409,35.4839]}},{"type":"Feature","properties":{"name":"Monastir","country":"Tunisia","iso":"TN","rank":10,"pop":71546,"cap":0},"geometry":{"type":"Point","coordinates":[10.7673,35.7307]}},{"type":"Feature","properties":{"name":"Zaghouan","country":"Tunisia","iso":"TN","rank":10,"pop":16911,"cap":0},"geometry":{"type":"Point","coordinates":[10.147,36.4]}},{"type":"Feature","properties":{"name":"Kalangala","country":"Uganda","iso":"UG","rank":10,"pop":5200,"cap":0},"geometry":{"type":"Point","coordinates":[32.225,-0.3089]}},{"type":"Feature","properties":{"name":"Kumi","country":"Uganda","iso":"UG","rank":10,"pop":13000,"cap":0},"geometry":{"type":"Point","coordinates":[33.9361,1.4608]}},{"type":"Feature","properties":{"name":"Kaberamaido","country":"Uganda","iso":"UG","rank":10,"pop":3400,"cap":0},"geometry":{"type":"Point","coordinates":[33.1594,1.7389]}},{"type":"Feature","properties":{"name":"Kayunga","country":"Uganda","iso":"UG","rank":10,"pop":21704,"cap":0},"geometry":{"type":"Point","coordinates":[32.8886,0.7025]}},{"type":"Feature","properties":{"name":"Iganga","country":"Uganda","iso":"UG","rank":10,"pop":45024,"cap":0},"geometry":{"type":"Point","coordinates":[33.4686,0.6092]}},{"type":"Feature","properties":{"name":"Kamuli","country":"Uganda","iso":"UG","rank":10,"pop":12764,"cap":0},"geometry":{"type":"Point","coordinates":[33.1197,0.9472]}},{"type":"Feature","properties":{"name":"Pallisa","country":"Uganda","iso":"UG","rank":10,"pop":30745,"cap":0},"geometry":{"type":"Point","coordinates":[33.7094,1.145]}},{"type":"Feature","properties":{"name":"Mpigi","country":"Uganda","iso":"UG","rank":10,"pop":11082,"cap":0},"geometry":{"type":"Point","coordinates":[32.3136,0.225]}},{"type":"Feature","properties":{"name":"Adjumani","country":"Uganda","iso":"UG","rank":10,"pop":34700,"cap":0},"geometry":{"type":"Point","coordinates":[31.8097,3.3614]}},{"type":"Feature","properties":{"name":"Nebbi","country":"Uganda","iso":"UG","rank":10,"pop":30354,"cap":0},"geometry":{"type":"Point","coordinates":[31.1025,2.4758]}},{"type":"Feature","properties":{"name":"Kiboga","country":"Uganda","iso":"UG","rank":10,"pop":14512,"cap":0},"geometry":{"type":"Point","coordinates":[31.7742,0.9161]}},{"type":"Feature","properties":{"name":"Nakasongola","country":"Uganda","iso":"UG","rank":10,"pop":6921,"cap":0},"geometry":{"type":"Point","coordinates":[32.4564,1.3089]}},{"type":"Feature","properties":{"name":"Bombo","country":"Uganda","iso":"UG","rank":10,"pop":75000,"cap":0},"geometry":{"type":"Point","coordinates":[32.5333,0.5833]}},{"type":"Feature","properties":{"name":"Masindi","country":"Uganda","iso":"UG","rank":10,"pop":31486,"cap":0},"geometry":{"type":"Point","coordinates":[31.715,1.6744]}},{"type":"Feature","properties":{"name":"Fort Portal","country":"Uganda","iso":"UG","rank":10,"pop":42670,"cap":0},"geometry":{"type":"Point","coordinates":[30.275,0.671]}},{"type":"Feature","properties":{"name":"Kibale","country":"Uganda","iso":"UG","rank":10,"pop":5200,"cap":0},"geometry":{"type":"Point","coordinates":[31.0667,0.8]}},{"type":"Feature","properties":{"name":"Sironko","country":"Uganda","iso":"UG","rank":10,"pop":14100,"cap":0},"geometry":{"type":"Point","coordinates":[34.3,1.25]}},{"type":"Feature","properties":{"name":"Busia","country":"Uganda","iso":"UG","rank":10,"pop":47100,"cap":0},"geometry":{"type":"Point","coordinates":[34.0758,0.4544]}},{"type":"Feature","properties":{"name":"Katakwi","country":"Uganda","iso":"UG","rank":10,"pop":8400,"cap":0},"geometry":{"type":"Point","coordinates":[33.9661,1.8911]}},{"type":"Feature","properties":{"name":"Ntungamo","country":"Uganda","iso":"UG","rank":10,"pop":16400,"cap":0},"geometry":{"type":"Point","coordinates":[30.2642,-0.8794]}},{"type":"Feature","properties":{"name":"Kisoro","country":"Uganda","iso":"UG","rank":10,"pop":12900,"cap":0},"geometry":{"type":"Point","coordinates":[29.6983,-1.3539]}},{"type":"Feature","properties":{"name":"Gikongoro","country":"Rwanda","iso":"RW","rank":10,"pop":15000,"cap":0},"geometry":{"type":"Point","coordinates":[29.5667,-2.4833]}},{"type":"Feature","properties":{"name":"Kibuye","country":"Rwanda","iso":"RW","rank":10,"pop":48024,"cap":0},"geometry":{"type":"Point","coordinates":[29.35,-2.05]}},{"type":"Feature","properties":{"name":"Kibungo","country":"Rwanda","iso":"RW","rank":10,"pop":46240,"cap":0},"geometry":{"type":"Point","coordinates":[30.5333,-2.1667]}},{"type":"Feature","properties":{"name":"Piggs Peak","country":"eSwatini","iso":"SZ","rank":10,"pop":5750,"cap":0},"geometry":{"type":"Point","coordinates":[31.247,-25.961]}},{"type":"Feature","properties":{"name":"Siteki","country":"eSwatini","iso":"SZ","rank":10,"pop":6152,"cap":0},"geometry":{"type":"Point","coordinates":[31.952,-26.455]}},{"type":"Feature","properties":{"name":"Manzini","country":"eSwatini","iso":"SZ","rank":10,"pop":110537,"cap":0},"geometry":{"type":"Point","coordinates":[31.388,-26.495]}},{"type":"Feature","properties":{"name":"Hlatikulu","country":"eSwatini","iso":"SZ","rank":10,"pop":2748,"cap":0},"geometry":{"type":"Point","coordinates":[31.3101,-26.9608]}},{"type":"Feature","properties":{"name":"Fatick","country":"Senegal","iso":"SN","rank":10,"pop":24243,"cap":0},"geometry":{"type":"Point","coordinates":[-16.416,14.344]}},{"type":"Feature","properties":{"name":"Qacha's Nek","country":"South Africa","iso":"ZA","rank":10,"pop":25573,"cap":0},"geometry":{"type":"Point","coordinates":[28.702,-30.1173]}},{"type":"Feature","properties":{"name":"Hudur","country":"Somalia","iso":"SO","rank":10,"pop":1639,"cap":0},"geometry":{"type":"Point","coordinates":[43.8667,4.1833]}},{"type":"Feature","properties":{"name":"Garbahaarey","country":"Somalia","iso":"SO","rank":10,"pop":12652,"cap":0},"geometry":{"type":"Point","coordinates":[42.227,3.327]}},{"type":"Feature","properties":{"name":"Bu'aale","country":"Somalia","iso":"SO","rank":10,"pop":1490,"cap":0},"geometry":{"type":"Point","coordinates":[42.5833,1.0833]}},{"type":"Feature","properties":{"name":"Dhuusa Mareeb","country":"Somalia","iso":"SO","rank":10,"pop":447,"cap":0},"geometry":{"type":"Point","coordinates":[46.3822,5.532]}},{"type":"Feature","properties":{"name":"Umuahia","country":"Nigeria","iso":"NG","rank":10,"pop":264662,"cap":0},"geometry":{"type":"Point","coordinates":[7.486,5.532]}},{"type":"Feature","properties":{"name":"Uyo","country":"Nigeria","iso":"NG","rank":10,"pop":554906,"cap":0},"geometry":{"type":"Point","coordinates":[7.9162,5.036]}},{"type":"Feature","properties":{"name":"Owerri","country":"Nigeria","iso":"NG","rank":10,"pop":215038,"cap":0},"geometry":{"type":"Point","coordinates":[7.026,5.493]}},{"type":"Feature","properties":{"name":"Omaruru","country":"Namibia","iso":"NA","rank":10,"pop":11547,"cap":0},"geometry":{"type":"Point","coordinates":[15.951,-21.436]}},{"type":"Feature","properties":{"name":"Karibib","country":"Namibia","iso":"NA","rank":10,"pop":6898,"cap":0},"geometry":{"type":"Point","coordinates":[15.853,-21.939]}},{"type":"Feature","properties":{"name":"Otavi","country":"Namibia","iso":"NA","rank":10,"pop":4562,"cap":0},"geometry":{"type":"Point","coordinates":[17.342,-19.64]}},{"type":"Feature","properties":{"name":"Gobabis","country":"Namibia","iso":"NA","rank":10,"pop":16321,"cap":0},"geometry":{"type":"Point","coordinates":[18.963,-22.455]}},{"type":"Feature","properties":{"name":"Wete","country":"Tanzania","iso":"TZ","rank":10,"pop":26450,"cap":0},"geometry":{"type":"Point","coordinates":[39.7258,-5.0635]}},{"type":"Feature","properties":{"name":"Kibaha","country":"Tanzania","iso":"TZ","rank":10,"pop":23651,"cap":0},"geometry":{"type":"Point","coordinates":[38.9167,-6.7667]}},{"type":"Feature","properties":{"name":"Mkokotoni","country":"Tanzania","iso":"TZ","rank":10,"pop":2572,"cap":0},"geometry":{"type":"Point","coordinates":[39.26,-5.879]}},{"type":"Feature","properties":{"name":"Cacheu","country":"Guinea Bissau","iso":"GW","rank":10,"pop":10490,"cap":0},"geometry":{"type":"Point","coordinates":[-16.165,12.269]}},{"type":"Feature","properties":{"name":"Farim","country":"Guinea Bissau","iso":"GW","rank":10,"pop":6792,"cap":0},"geometry":{"type":"Point","coordinates":[-15.227,12.493]}},{"type":"Feature","properties":{"name":"Fulacunda","country":"Guinea Bissau","iso":"GW","rank":10,"pop":1311,"cap":0},"geometry":{"type":"Point","coordinates":[-15.195,11.773]}},{"type":"Feature","properties":{"name":"Gab\u00fa","country":"Guinea Bissau","iso":"GW","rank":10,"pop":14430,"cap":0},"geometry":{"type":"Point","coordinates":[-14.234,12.28]}},{"type":"Feature","properties":{"name":"Cati\u00f3","country":"Guinea Bissau","iso":"GW","rank":10,"pop":9898,"cap":0},"geometry":{"type":"Point","coordinates":[-15.2542,11.273]}},{"type":"Feature","properties":{"name":"Barclayville","country":"Liberia","iso":"LR","rank":10,"pop":2733,"cap":0},"geometry":{"type":"Point","coordinates":[-8.2316,4.6741]}},{"type":"Feature","properties":{"name":"Voinjama","country":"Liberia","iso":"LR","rank":10,"pop":26594,"cap":0},"geometry":{"type":"Point","coordinates":[-9.75,8.4167]}},{"type":"Feature","properties":{"name":"Bensonville","country":"Liberia","iso":"LR","rank":10,"pop":4089,"cap":0},"geometry":{"type":"Point","coordinates":[-10.6,6.4333]}},{"type":"Feature","properties":{"name":"Kakata","country":"Liberia","iso":"LR","rank":10,"pop":33945,"cap":0},"geometry":{"type":"Point","coordinates":[-10.349,6.526]}},{"type":"Feature","properties":{"name":"Sanniquellie","country":"Liberia","iso":"LR","rank":10,"pop":11415,"cap":0},"geometry":{"type":"Point","coordinates":[-8.685,7.371]}},{"type":"Feature","properties":{"name":"Rivercess","country":"Liberia","iso":"LR","rank":10,"pop":2578,"cap":0},"geometry":{"type":"Point","coordinates":[-9.578,5.465]}},{"type":"Feature","properties":{"name":"Nyeri","country":"Kenya","iso":"KE","rank":10,"pop":51084,"cap":0},"geometry":{"type":"Point","coordinates":[36.951,-0.417]}},{"type":"Feature","properties":{"name":"Teyateyaneng","country":"Lesotho","iso":"LS","rank":10,"pop":5115,"cap":0},"geometry":{"type":"Point","coordinates":[27.753,-29.153]}},{"type":"Feature","properties":{"name":"Mohales Hoek","country":"Lesotho","iso":"LS","rank":10,"pop":24992,"cap":0},"geometry":{"type":"Point","coordinates":[27.48,-30.159]}},{"type":"Feature","properties":{"name":"Moyeni","country":"Lesotho","iso":"LS","rank":10,"pop":24130,"cap":0},"geometry":{"type":"Point","coordinates":[27.716,-30.411]}},{"type":"Feature","properties":{"name":"Hlotse","country":"Lesotho","iso":"LS","rank":10,"pop":47675,"cap":0},"geometry":{"type":"Point","coordinates":[28.056,-28.878]}},{"type":"Feature","properties":{"name":"Butha-Buthe","country":"Lesotho","iso":"LS","rank":10,"pop":16330,"cap":0},"geometry":{"type":"Point","coordinates":[28.25,-28.75]}},{"type":"Feature","properties":{"name":"Mokhotlong","country":"Lesotho","iso":"LS","rank":10,"pop":8809,"cap":0},"geometry":{"type":"Point","coordinates":[29.078,-29.291]}},{"type":"Feature","properties":{"name":"Evinayong","country":"Equatorial Guinea","iso":"GQ","rank":10,"pop":8462,"cap":0},"geometry":{"type":"Point","coordinates":[10.5667,1.45]}},{"type":"Feature","properties":{"name":"Luba","country":"Equatorial Guinea","iso":"GQ","rank":10,"pop":8655,"cap":0},"geometry":{"type":"Point","coordinates":[8.55,3.45]}},{"type":"Feature","properties":{"name":"Shibin el Kom","country":"Egypt","iso":"EG","rank":10,"pop":182900,"cap":0},"geometry":{"type":"Point","coordinates":[31.007,30.5545]}},{"type":"Feature","properties":{"name":"Benha","country":"Egypt","iso":"EG","rank":10,"pop":167029,"cap":0},"geometry":{"type":"Point","coordinates":[31.1833,30.4667]}},{"type":"Feature","properties":{"name":"Zagazig","country":"Egypt","iso":"EG","rank":10,"pop":285097,"cap":0},"geometry":{"type":"Point","coordinates":[31.5167,30.5833]}},{"type":"Feature","properties":{"name":"Kafr el Sheikh","country":"Egypt","iso":"EG","rank":10,"pop":143970,"cap":0},"geometry":{"type":"Point","coordinates":[30.936,31.109]}},{"type":"Feature","properties":{"name":"Dikhil","country":"Djibouti","iso":"DJ","rank":10,"pop":12043,"cap":0},"geometry":{"type":"Point","coordinates":[42.372,11.104]}},{"type":"Feature","properties":{"name":"Tadjoura","country":"Djibouti","iso":"DJ","rank":10,"pop":22193,"cap":0},"geometry":{"type":"Point","coordinates":[42.9,11.7833]}},{"type":"Feature","properties":{"name":"Buluko","country":"Congo (Kinshasa)","iso":"CD","rank":10,"pop":1192,"cap":0},"geometry":{"type":"Point","coordinates":[28.528,-0.757]}},{"type":"Feature","properties":{"name":"Mzimba","country":"Malawi","iso":"MW","rank":10,"pop":19308,"cap":0},"geometry":{"type":"Point","coordinates":[33.6,-11.9]}},{"type":"Feature","properties":{"name":"Machinga","country":"Malawi","iso":"MW","rank":10,"pop":1418,"cap":0},"geometry":{"type":"Point","coordinates":[35.3017,-15.1762]}},{"type":"Feature","properties":{"name":"Dedza","country":"Malawi","iso":"MW","rank":10,"pop":15608,"cap":0},"geometry":{"type":"Point","coordinates":[34.3333,-14.3667]}},{"type":"Feature","properties":{"name":"Mchinji","country":"Malawi","iso":"MW","rank":10,"pop":18305,"cap":0},"geometry":{"type":"Point","coordinates":[32.9,-13.8]}},{"type":"Feature","properties":{"name":"Ntcheu","country":"Malawi","iso":"MW","rank":10,"pop":10445,"cap":0},"geometry":{"type":"Point","coordinates":[34.6333,-14.8167]}},{"type":"Feature","properties":{"name":"Chiradzulu","country":"Malawi","iso":"MW","rank":10,"pop":1580,"cap":0},"geometry":{"type":"Point","coordinates":[35.1833,-15.7]}},{"type":"Feature","properties":{"name":"Nsanje","country":"Malawi","iso":"MW","rank":10,"pop":21774,"cap":0},"geometry":{"type":"Point","coordinates":[35.2667,-16.9167]}},{"type":"Feature","properties":{"name":"Mwanza","country":"Malawi","iso":"MW","rank":10,"pop":11379,"cap":0},"geometry":{"type":"Point","coordinates":[34.5167,-15.6167]}},{"type":"Feature","properties":{"name":"Mulanje","country":"Malawi","iso":"MW","rank":10,"pop":16483,"cap":0},"geometry":{"type":"Point","coordinates":[35.5,-16.0333]}},{"type":"Feature","properties":{"name":"Georgetown","country":"The Gambia","iso":"GM","rank":10,"pop":3584,"cap":0},"geometry":{"type":"Point","coordinates":[-14.767,13.551]}},{"type":"Feature","properties":{"name":"Basse Santa Su","country":"The Gambia","iso":"GM","rank":10,"pop":14380,"cap":0},"geometry":{"type":"Point","coordinates":[-14.223,13.31]}},{"type":"Feature","properties":{"name":"Kerewan","country":"The Gambia","iso":"GM","rank":10,"pop":2751,"cap":0},"geometry":{"type":"Point","coordinates":[-16.095,13.494]}},{"type":"Feature","properties":{"name":"Mansa Konko","country":"The Gambia","iso":"GM","rank":10,"pop":18672,"cap":0},"geometry":{"type":"Point","coordinates":[-15.5433,13.4549]}},{"type":"Feature","properties":{"name":"Sunyani","country":"Ghana","iso":"GH","rank":10,"pop":70299,"cap":0},"geometry":{"type":"Point","coordinates":[-2.336,7.336]}},{"type":"Feature","properties":{"name":"Ebebiy\u00edn","country":"Gabon","iso":"GA","rank":10,"pop":24831,"cap":0},"geometry":{"type":"Point","coordinates":[11.33,2.153]}},{"type":"Feature","properties":{"name":"Tchibanga","country":"Gabon","iso":"GA","rank":10,"pop":19365,"cap":0},"geometry":{"type":"Point","coordinates":[10.9973,-2.9215]}},{"type":"Feature","properties":{"name":"Madingou","country":"Congo (Brazzaville)","iso":"CG","rank":10,"pop":22760,"cap":0},"geometry":{"type":"Point","coordinates":[13.554,-4.164]}},{"type":"Feature","properties":{"name":"Kinkala","country":"Congo (Brazzaville)","iso":"CG","rank":10,"pop":13882,"cap":0},"geometry":{"type":"Point","coordinates":[14.762,-4.356]}},{"type":"Feature","properties":{"name":"Mali","country":"Guinea","iso":"GN","rank":10,"pop":5479,"cap":0},"geometry":{"type":"Point","coordinates":[-12.301,12.084]}},{"type":"Feature","properties":{"name":"Tongue","country":"Guinea","iso":"GN","rank":10,"pop":25531,"cap":0},"geometry":{"type":"Point","coordinates":[-11.67,11.44]}},{"type":"Feature","properties":{"name":"Kouroussa","country":"Guinea","iso":"GN","rank":10,"pop":14223,"cap":0},"geometry":{"type":"Point","coordinates":[-9.892,10.653]}},{"type":"Feature","properties":{"name":"Pita","country":"Guinea","iso":"GN","rank":10,"pop":20052,"cap":0},"geometry":{"type":"Point","coordinates":[-12.401,11.08]}},{"type":"Feature","properties":{"name":"Dalaba","country":"Guinea","iso":"GN","rank":10,"pop":6349,"cap":0},"geometry":{"type":"Point","coordinates":[-12.272,10.656]}},{"type":"Feature","properties":{"name":"Boffa","country":"Guinea","iso":"GN","rank":10,"pop":2332,"cap":0},"geometry":{"type":"Point","coordinates":[-14.043,10.185]}},{"type":"Feature","properties":{"name":"Koundara","country":"Guinea","iso":"GN","rank":10,"pop":13990,"cap":0},"geometry":{"type":"Point","coordinates":[-13.296,12.48]}},{"type":"Feature","properties":{"name":"Gaoual","country":"Guinea","iso":"GN","rank":10,"pop":7461,"cap":0},"geometry":{"type":"Point","coordinates":[-13.213,11.754]}},{"type":"Feature","properties":{"name":"T\u00e9lim\u00e9l\u00e9","country":"Guinea","iso":"GN","rank":10,"pop":30311,"cap":0},"geometry":{"type":"Point","coordinates":[-13.043,10.905]}},{"type":"Feature","properties":{"name":"Forecariah","country":"Guinea","iso":"GN","rank":10,"pop":12358,"cap":0},"geometry":{"type":"Point","coordinates":[-13.098,9.43]}},{"type":"Feature","properties":{"name":"Beyla","country":"Guinea","iso":"GN","rank":10,"pop":13204,"cap":0},"geometry":{"type":"Point","coordinates":[-8.657,8.687]}},{"type":"Feature","properties":{"name":"Gueckedou","country":"Guinea","iso":"GN","rank":10,"pop":221715,"cap":0},"geometry":{"type":"Point","coordinates":[-10.151,8.554]}},{"type":"Feature","properties":{"name":"Dinguiraye","country":"Guinea","iso":"GN","rank":10,"pop":6062,"cap":0},"geometry":{"type":"Point","coordinates":[-10.726,11.299]}},{"type":"Feature","properties":{"name":"Dabola","country":"Guinea","iso":"GN","rank":10,"pop":13057,"cap":0},"geometry":{"type":"Point","coordinates":[-11.109,10.748]}},{"type":"Feature","properties":{"name":"Touba","country":"Ivory Coast","iso":"CI","rank":10,"pop":27504,"cap":0},"geometry":{"type":"Point","coordinates":[-7.684,8.28]}},{"type":"Feature","properties":{"name":"Bouafl\u00e9","country":"Ivory Coast","iso":"CI","rank":10,"pop":60962,"cap":0},"geometry":{"type":"Point","coordinates":[-5.748,6.978]}},{"type":"Feature","properties":{"name":"Divo","country":"Ivory Coast","iso":"CI","rank":10,"pop":127867,"cap":0},"geometry":{"type":"Point","coordinates":[-5.36,5.839]}},{"type":"Feature","properties":{"name":"Toumodi","country":"Ivory Coast","iso":"CI","rank":10,"pop":39005,"cap":0},"geometry":{"type":"Point","coordinates":[-5.019,6.552]}},{"type":"Feature","properties":{"name":"Aboisso","country":"Ivory Coast","iso":"CI","rank":10,"pop":37654,"cap":0},"geometry":{"type":"Point","coordinates":[-3.2,5.4667]}},{"type":"Feature","properties":{"name":"Buea","country":"Cameroon","iso":"CM","rank":10,"pop":90088,"cap":0},"geometry":{"type":"Point","coordinates":[9.231,4.155]}},{"type":"Feature","properties":{"name":"Jijel","country":"Algeria","iso":"DZ","rank":10,"pop":148000,"cap":0},"geometry":{"type":"Point","coordinates":[5.766,36.822]}},{"type":"Feature","properties":{"name":"Lokossa","country":"Benin","iso":"BJ","rank":10,"pop":86971,"cap":0},"geometry":{"type":"Point","coordinates":[1.715,6.615]}},{"type":"Feature","properties":{"name":"Fada Ngourma","country":"Burkina Faso","iso":"BF","rank":10,"pop":33910,"cap":0},"geometry":{"type":"Point","coordinates":[0.361,12.055]}},{"type":"Feature","properties":{"name":"Tizi-Ouzou","country":"Algeria","iso":"DZ","rank":10,"pop":144000,"cap":0},"geometry":{"type":"Point","coordinates":[4.0461,36.7117]}},{"type":"Feature","properties":{"name":"Bordj Bou Arr\u00e9ridj","country":"Algeria","iso":"DZ","rank":10,"pop":140000,"cap":0},"geometry":{"type":"Point","coordinates":[4.7647,36.0777]}},{"type":"Feature","properties":{"name":"M'sila","country":"Algeria","iso":"DZ","rank":10,"pop":150000,"cap":0},"geometry":{"type":"Point","coordinates":[4.545,35.7]}},{"type":"Feature","properties":{"name":"Guelma","country":"Algeria","iso":"DZ","rank":10,"pop":123590,"cap":0},"geometry":{"type":"Point","coordinates":[7.428,36.466]}},{"type":"Feature","properties":{"name":"Oum el Bouaghi","country":"Algeria","iso":"DZ","rank":10,"pop":100821,"cap":0},"geometry":{"type":"Point","coordinates":[7.15,35.85]}},{"type":"Feature","properties":{"name":"Cankuzo","country":"Burundi","iso":"BI","rank":10,"pop":6585,"cap":0},"geometry":{"type":"Point","coordinates":[30.5167,-3.1667]}},{"type":"Feature","properties":{"name":"Karusi","country":"Burundi","iso":"BI","rank":10,"pop":10705,"cap":0},"geometry":{"type":"Point","coordinates":[30.163,-3.1]}},{"type":"Feature","properties":{"name":"Rutana","country":"Burundi","iso":"BI","rank":10,"pop":20893,"cap":0},"geometry":{"type":"Point","coordinates":[29.993,-3.931]}},{"type":"Feature","properties":{"name":"Ruyigi","country":"Burundi","iso":"BI","rank":10,"pop":38458,"cap":0},"geometry":{"type":"Point","coordinates":[30.244,-3.481]}},{"type":"Feature","properties":{"name":"Bubanza","country":"Burundi","iso":"BI","rank":10,"pop":12728,"cap":0},"geometry":{"type":"Point","coordinates":[29.3667,-3.0833]}},{"type":"Feature","properties":{"name":"Kayanza","country":"Burundi","iso":"BI","rank":10,"pop":19443,"cap":0},"geometry":{"type":"Point","coordinates":[29.5667,-2.9]}},{"type":"Feature","properties":{"name":"Makamba","country":"Burundi","iso":"BI","rank":10,"pop":19642,"cap":0},"geometry":{"type":"Point","coordinates":[29.8,-4.1333]}},{"type":"Feature","properties":{"name":"Ngozi","country":"Burundi","iso":"BI","rank":10,"pop":21506,"cap":0},"geometry":{"type":"Point","coordinates":[29.825,-2.912]}},{"type":"Feature","properties":{"name":"Kirundo","country":"Burundi","iso":"BI","rank":10,"pop":6083,"cap":0},"geometry":{"type":"Point","coordinates":[30.0972,-2.5847]}},{"type":"Feature","properties":{"name":"Orodara","country":"Burkina Faso","iso":"BF","rank":10,"pop":18632,"cap":0},"geometry":{"type":"Point","coordinates":[-4.908,10.974]}},{"type":"Feature","properties":{"name":"Solenzo","country":"Burkina Faso","iso":"BF","rank":10,"pop":10385,"cap":0},"geometry":{"type":"Point","coordinates":[-4.0833,12.1833]}},{"type":"Feature","properties":{"name":"Nouna","country":"Burkina Faso","iso":"BF","rank":10,"pop":29048,"cap":0},"geometry":{"type":"Point","coordinates":[-3.86,12.729]}},{"type":"Feature","properties":{"name":"D\u00e9dougou","country":"Burkina Faso","iso":"BF","rank":10,"pop":45341,"cap":0},"geometry":{"type":"Point","coordinates":[-3.464,12.455]}},{"type":"Feature","properties":{"name":"Gorom Gorom","country":"Burkina Faso","iso":"BF","rank":10,"pop":6691,"cap":0},"geometry":{"type":"Point","coordinates":[-0.2333,14.45]}},{"type":"Feature","properties":{"name":"Djibo","country":"Burkina Faso","iso":"BF","rank":10,"pop":22223,"cap":0},"geometry":{"type":"Point","coordinates":[-1.627,14.099]}},{"type":"Feature","properties":{"name":"Tougan","country":"Burkina Faso","iso":"BF","rank":10,"pop":17590,"cap":0},"geometry":{"type":"Point","coordinates":[-3.07,13.069]}},{"type":"Feature","properties":{"name":"Kombissiri","country":"Burkina Faso","iso":"BF","rank":10,"pop":30137,"cap":0},"geometry":{"type":"Point","coordinates":[-1.334,12.064]}},{"type":"Feature","properties":{"name":"Ziniar\u00e9","country":"Burkina Faso","iso":"BF","rank":10,"pop":12703,"cap":0},"geometry":{"type":"Point","coordinates":[-1.293,12.577]}},{"type":"Feature","properties":{"name":"Yako","country":"Burkina Faso","iso":"BF","rank":10,"pop":22904,"cap":0},"geometry":{"type":"Point","coordinates":[-2.263,12.954]}},{"type":"Feature","properties":{"name":"R\u00e9o","country":"Burkina Faso","iso":"BF","rank":10,"pop":37535,"cap":0},"geometry":{"type":"Point","coordinates":[-2.4669,12.3335]}},{"type":"Feature","properties":{"name":"Leo","country":"Burkina Faso","iso":"BF","rank":10,"pop":26884,"cap":0},"geometry":{"type":"Point","coordinates":[-2.098,11.094]}},{"type":"Feature","properties":{"name":"Sapouy","country":"Burkina Faso","iso":"BF","rank":10,"pop":3837,"cap":0},"geometry":{"type":"Point","coordinates":[-1.7736,11.5544]}},{"type":"Feature","properties":{"name":"Boulsa","country":"Burkina Faso","iso":"BF","rank":10,"pop":17489,"cap":0},"geometry":{"type":"Point","coordinates":[-0.569,12.657]}},{"type":"Feature","properties":{"name":"Zorgo","country":"Burkina Faso","iso":"BF","rank":10,"pop":23892,"cap":0},"geometry":{"type":"Point","coordinates":[-0.611,12.243]}},{"type":"Feature","properties":{"name":"Koup\u00e9la","country":"Burkina Faso","iso":"BF","rank":10,"pop":32052,"cap":0},"geometry":{"type":"Point","coordinates":[-0.356,12.177]}},{"type":"Feature","properties":{"name":"P\u00f4","country":"Burkina Faso","iso":"BF","rank":10,"pop":17924,"cap":0},"geometry":{"type":"Point","coordinates":[-1.135,11.169]}},{"type":"Feature","properties":{"name":"Manga","country":"Burkina Faso","iso":"BF","rank":10,"pop":15173,"cap":0},"geometry":{"type":"Point","coordinates":[-1.065,11.662]}},{"type":"Feature","properties":{"name":"Di\u00e9bougou","country":"Burkina Faso","iso":"BF","rank":10,"pop":12732,"cap":0},"geometry":{"type":"Point","coordinates":[-3.248,10.952]}},{"type":"Feature","properties":{"name":"Gaoua","country":"Burkina Faso","iso":"BF","rank":10,"pop":28023,"cap":0},"geometry":{"type":"Point","coordinates":[-3.174,10.325]}},{"type":"Feature","properties":{"name":"Bogand\u00e9","country":"Burkina Faso","iso":"BF","rank":10,"pop":9854,"cap":0},"geometry":{"type":"Point","coordinates":[-0.138,12.969]}},{"type":"Feature","properties":{"name":"Dori","country":"Burkina Faso","iso":"BF","rank":10,"pop":37806,"cap":0},"geometry":{"type":"Point","coordinates":[-0.028,14.034]}},{"type":"Feature","properties":{"name":"Sebba","country":"Burkina Faso","iso":"BF","rank":10,"pop":3273,"cap":0},"geometry":{"type":"Point","coordinates":[0.5304,13.4364]}},{"type":"Feature","properties":{"name":"Diapaga","country":"Burkina Faso","iso":"BF","rank":10,"pop":26013,"cap":0},"geometry":{"type":"Point","coordinates":[1.796,12.077]}},{"type":"Feature","properties":{"name":"Muramvya","country":"Burundi","iso":"BI","rank":10,"pop":18041,"cap":0},"geometry":{"type":"Point","coordinates":[29.612,-3.261]}},{"type":"Feature","properties":{"name":"Santo Ant\u00f3nio","country":"Sao Tome and Principe","iso":"ST","rank":10,"pop":1156,"cap":0},"geometry":{"type":"Point","coordinates":[7.412,1.645]}},{"type":"Feature","properties":{"name":"Bentiu","country":"South Sudan","iso":"SS","rank":9,"pop":7653,"cap":0},"geometry":{"type":"Point","coordinates":[29.8333,9.2333]}},{"type":"Feature","properties":{"name":"Dutse","country":"Nigeria","iso":"NG","rank":9,"pop":17129,"cap":0},"geometry":{"type":"Point","coordinates":[9.3503,11.7992]}},{"type":"Feature","properties":{"name":"Damaturu","country":"Nigeria","iso":"NG","rank":9,"pop":255895,"cap":0},"geometry":{"type":"Point","coordinates":[11.966,11.749]}},{"type":"Feature","properties":{"name":"La\u00ef","country":"Chad","iso":"TD","rank":9,"pop":19382,"cap":0},"geometry":{"type":"Point","coordinates":[16.305,9.395]}},{"type":"Feature","properties":{"name":"Fderik","country":"Mauritania","iso":"MR","rank":9,"pop":5760,"cap":0},"geometry":{"type":"Point","coordinates":[-12.707,22.679]}},{"type":"Feature","properties":{"name":"Aleg","country":"Mauritania","iso":"MR","rank":9,"pop":8388,"cap":0},"geometry":{"type":"Point","coordinates":[-13.909,17.058]}},{"type":"Feature","properties":{"name":"Akjoujt","country":"Mauritania","iso":"MR","rank":9,"pop":370,"cap":0},"geometry":{"type":"Point","coordinates":[-14.391,19.747]}},{"type":"Feature","properties":{"name":"Awasa","country":"Ethiopia","iso":"ET","rank":9,"pop":133097,"cap":0},"geometry":{"type":"Point","coordinates":[38.477,7.06]}},{"type":"Feature","properties":{"name":"Gore","country":"Ethiopia","iso":"ET","rank":9,"pop":9352,"cap":0},"geometry":{"type":"Point","coordinates":[35.537,8.149]}},{"type":"Feature","properties":{"name":"Mobaye","country":"Central African Republic","iso":"CF","rank":9,"pop":19431,"cap":0},"geometry":{"type":"Point","coordinates":[21.18,4.32]}},{"type":"Feature","properties":{"name":"Mochudi","country":"Botswana","iso":"BW","rank":9,"pop":39700,"cap":0},"geometry":{"type":"Point","coordinates":[26.152,-24.377]}},{"type":"Feature","properties":{"name":"Iwo","country":"Nigeria","iso":"NG","rank":8,"pop":250443,"cap":0},"geometry":{"type":"Point","coordinates":[4.18,7.63]}},{"type":"Feature","properties":{"name":"Iseyin","country":"Nigeria","iso":"NG","rank":8,"pop":98071,"cap":0},"geometry":{"type":"Point","coordinates":[3.59,7.97]}},{"type":"Feature","properties":{"name":"Kpalim\u00e9","country":"Togo","iso":"TG","rank":7,"pop":100479,"cap":0},"geometry":{"type":"Point","coordinates":[0.63,6.9004]}},{"type":"Feature","properties":{"name":"Sokod\u00e9","country":"Togo","iso":"TG","rank":7,"pop":117811,"cap":0},"geometry":{"type":"Point","coordinates":[1.15,8.9905]}},{"type":"Feature","properties":{"name":"Mango","country":"Togo","iso":"TG","rank":7,"pop":42626,"cap":0},"geometry":{"type":"Point","coordinates":[0.4708,10.3596]}},{"type":"Feature","properties":{"name":"Ben Gardane","country":"Tunisia","iso":"TN","rank":7,"pop":19843,"cap":0},"geometry":{"type":"Point","coordinates":[11.22,33.1404]}},{"type":"Feature","properties":{"name":"Zarzis","country":"Tunisia","iso":"TN","rank":7,"pop":159161,"cap":0},"geometry":{"type":"Point","coordinates":[11.1,33.5104]}},{"type":"Feature","properties":{"name":"Dehibat","country":"Tunisia","iso":"TN","rank":7,"pop":3525,"cap":0},"geometry":{"type":"Point","coordinates":[10.7,32.017]}},{"type":"Feature","properties":{"name":"Tozeur","country":"Tunisia","iso":"TN","rank":7,"pop":39504,"cap":0},"geometry":{"type":"Point","coordinates":[8.13,33.9304]}},{"type":"Feature","properties":{"name":"B\u00e9ja","country":"Tunisia","iso":"TN","rank":7,"pop":59567,"cap":0},"geometry":{"type":"Point","coordinates":[9.19,36.7304]}},{"type":"Feature","properties":{"name":"Bizerte","country":"Tunisia","iso":"TN","rank":7,"pop":139843,"cap":0},"geometry":{"type":"Point","coordinates":[9.855,37.2904]}},{"type":"Feature","properties":{"name":"Nabeul","country":"Tunisia","iso":"TN","rank":7,"pop":115149,"cap":0},"geometry":{"type":"Point","coordinates":[10.73,36.4603]}},{"type":"Feature","properties":{"name":"El Kef","country":"Tunisia","iso":"TN","rank":7,"pop":47979,"cap":0},"geometry":{"type":"Point","coordinates":[8.7148,36.1826]}},{"type":"Feature","properties":{"name":"Qasserine","country":"Tunisia","iso":"TN","rank":7,"pop":81987,"cap":0},"geometry":{"type":"Point","coordinates":[8.83,35.1804]}},{"type":"Feature","properties":{"name":"Gab\u00e8s","country":"Tunisia","iso":"TN","rank":7,"pop":219517,"cap":0},"geometry":{"type":"Point","coordinates":[10.1,33.9004]}},{"type":"Feature","properties":{"name":"Gafsa","country":"Tunisia","iso":"TN","rank":7,"pop":126803,"cap":0},"geometry":{"type":"Point","coordinates":[8.78,34.4204]}},{"type":"Feature","properties":{"name":"Qairouan","country":"Tunisia","iso":"TN","rank":7,"pop":144522,"cap":0},"geometry":{"type":"Point","coordinates":[10.1,35.6804]}},{"type":"Feature","properties":{"name":"Ad Damaz\u012bn","country":"Sudan","iso":"SD","rank":7,"pop":186051,"cap":0},"geometry":{"type":"Point","coordinates":[34.35,11.7704]}},{"type":"Feature","properties":{"name":"Haiya","country":"Sudan","iso":"SD","rank":7,"pop":20000,"cap":0},"geometry":{"type":"Point","coordinates":[36.3842,18.3362]}},{"type":"Feature","properties":{"name":"Kawambwa","country":"Zambia","iso":"ZM","rank":7,"pop":20589,"cap":0},"geometry":{"type":"Point","coordinates":[29.08,-9.7795]}},{"type":"Feature","properties":{"name":"Nchelenge","country":"Zambia","iso":"ZM","rank":7,"pop":23693,"cap":0},"geometry":{"type":"Point","coordinates":[28.73,-9.3496]}},{"type":"Feature","properties":{"name":"Chinsali","country":"Zambia","iso":"ZM","rank":7,"pop":14015,"cap":0},"geometry":{"type":"Point","coordinates":[32.06,-10.5496]}},{"type":"Feature","properties":{"name":"Kasama","country":"Zambia","iso":"ZM","rank":7,"pop":200000,"cap":0},"geometry":{"type":"Point","coordinates":[31.1799,-10.1996]}},{"type":"Feature","properties":{"name":"Kapiri Mposhi","country":"Zambia","iso":"ZM","rank":7,"pop":37942,"cap":0},"geometry":{"type":"Point","coordinates":[28.66,-13.9696]}},{"type":"Feature","properties":{"name":"Mumbwa","country":"Zambia","iso":"ZM","rank":7,"pop":19086,"cap":0},"geometry":{"type":"Point","coordinates":[27.07,-14.9796]}},{"type":"Feature","properties":{"name":"Chingola","country":"Zambia","iso":"ZM","rank":7,"pop":182015,"cap":0},"geometry":{"type":"Point","coordinates":[27.85,-12.5396]}},{"type":"Feature","properties":{"name":"Chililabombwe","country":"Zambia","iso":"ZM","rank":7,"pop":82068,"cap":0},"geometry":{"type":"Point","coordinates":[27.82,-12.3696]}},{"type":"Feature","properties":{"name":"Nyimba","country":"Zambia","iso":"ZM","rank":7,"pop":1336,"cap":0},"geometry":{"type":"Point","coordinates":[30.81,-14.5495]}},{"type":"Feature","properties":{"name":"Lundazi","country":"Zambia","iso":"ZM","rank":7,"pop":11635,"cap":0},"geometry":{"type":"Point","coordinates":[33.17,-12.2895]}},{"type":"Feature","properties":{"name":"Chipata","country":"Zambia","iso":"ZM","rank":7,"pop":85963,"cap":0},"geometry":{"type":"Point","coordinates":[32.64,-13.6296]}},{"type":"Feature","properties":{"name":"Mwinilunga","country":"Zambia","iso":"ZM","rank":7,"pop":13798,"cap":0},"geometry":{"type":"Point","coordinates":[24.44,-11.7396]}},{"type":"Feature","properties":{"name":"Kasempa","country":"Zambia","iso":"ZM","rank":7,"pop":5622,"cap":0},"geometry":{"type":"Point","coordinates":[25.82,-13.4596]}},{"type":"Feature","properties":{"name":"Solwezi","country":"Zambia","iso":"ZM","rank":7,"pop":65000,"cap":0},"geometry":{"type":"Point","coordinates":[26.4,-12.1796]}},{"type":"Feature","properties":{"name":"Choma","country":"Zambia","iso":"ZM","rank":7,"pop":46746,"cap":0},"geometry":{"type":"Point","coordinates":[26.97,-16.8095]}},{"type":"Feature","properties":{"name":"Mongu","country":"Zambia","iso":"ZM","rank":7,"pop":52534,"cap":0},"geometry":{"type":"Point","coordinates":[23.12,-15.2796]}},{"type":"Feature","properties":{"name":"Kaoma","country":"Zambia","iso":"ZM","rank":7,"pop":14212,"cap":0},"geometry":{"type":"Point","coordinates":[24.8,-14.7796]}},{"type":"Feature","properties":{"name":"Sesheke","country":"Zambia","iso":"ZM","rank":7,"pop":20149,"cap":0},"geometry":{"type":"Point","coordinates":[24.3,-17.4695]}},{"type":"Feature","properties":{"name":"Lukulu","country":"Zambia","iso":"ZM","rank":7,"pop":3349,"cap":0},"geometry":{"type":"Point","coordinates":[23.24,-14.3896]}},{"type":"Feature","properties":{"name":"Kalabo","country":"Zambia","iso":"ZM","rank":7,"pop":7731,"cap":0},"geometry":{"type":"Point","coordinates":[22.68,-14.9896]}},{"type":"Feature","properties":{"name":"Senanga","country":"Zambia","iso":"ZM","rank":7,"pop":10005,"cap":0},"geometry":{"type":"Point","coordinates":[23.27,-16.1196]}},{"type":"Feature","properties":{"name":"Mazowe","country":"Zimbabwe","iso":"ZW","rank":7,"pop":9966,"cap":0},"geometry":{"type":"Point","coordinates":[30.97,-17.5196]}},{"type":"Feature","properties":{"name":"Shamva","country":"Zimbabwe","iso":"ZW","rank":7,"pop":10317,"cap":0},"geometry":{"type":"Point","coordinates":[31.57,-17.3196]}},{"type":"Feature","properties":{"name":"Victoria Falls","country":"Zimbabwe","iso":"ZW","rank":7,"pop":35761,"cap":0},"geometry":{"type":"Point","coordinates":[25.84,-17.9296]}},{"type":"Feature","properties":{"name":"Zvishavane","country":"Zimbabwe","iso":"ZW","rank":7,"pop":35896,"cap":0},"geometry":{"type":"Point","coordinates":[30.05,-20.3296]}},{"type":"Feature","properties":{"name":"Kwekwe","country":"Zimbabwe","iso":"ZW","rank":7,"pop":99149,"cap":0},"geometry":{"type":"Point","coordinates":[29.8,-18.9296]}},{"type":"Feature","properties":{"name":"Plumtree","country":"Zimbabwe","iso":"ZW","rank":7,"pop":2148,"cap":0},"geometry":{"type":"Point","coordinates":[27.82,-20.4795]}},{"type":"Feature","properties":{"name":"Beitbridge","country":"Zimbabwe","iso":"ZW","rank":7,"pop":26459,"cap":0},"geometry":{"type":"Point","coordinates":[29.99,-22.2096]}},{"type":"Feature","properties":{"name":"Gwanda","country":"Zimbabwe","iso":"ZW","rank":7,"pop":14450,"cap":0},"geometry":{"type":"Point","coordinates":[29.01,-20.9396]}},{"type":"Feature","properties":{"name":"Chiredzi","country":"Zimbabwe","iso":"ZW","rank":7,"pop":28205,"cap":0},"geometry":{"type":"Point","coordinates":[31.66,-21.0496]}},{"type":"Feature","properties":{"name":"Masvingo","country":"Zimbabwe","iso":"ZW","rank":7,"pop":76311,"cap":0},"geometry":{"type":"Point","coordinates":[30.82,-20.0596]}},{"type":"Feature","properties":{"name":"Karoi","country":"Zimbabwe","iso":"ZW","rank":7,"pop":25030,"cap":0},"geometry":{"type":"Point","coordinates":[29.68,-16.8196]}},{"type":"Feature","properties":{"name":"Chinhoyi","country":"Zimbabwe","iso":"ZW","rank":7,"pop":61739,"cap":0},"geometry":{"type":"Point","coordinates":[30.18,-17.3596]}},{"type":"Feature","properties":{"name":"Kariba","country":"Zimbabwe","iso":"ZW","rank":7,"pop":25531,"cap":0},"geometry":{"type":"Point","coordinates":[28.8,-16.5296]}},{"type":"Feature","properties":{"name":"Golela","country":"eSwatini","iso":"SZ","rank":7,"pop":3695,"cap":0},"geometry":{"type":"Point","coordinates":[31.9,-27.2962]}},{"type":"Feature","properties":{"name":"Maridi","country":"South Sudan","iso":"SS","rank":7,"pop":14224,"cap":0},"geometry":{"type":"Point","coordinates":[29.4769,4.9151]}},{"type":"Feature","properties":{"name":"Yei","country":"South Sudan","iso":"SS","rank":7,"pop":185000,"cap":0},"geometry":{"type":"Point","coordinates":[30.68,4.0904]}},{"type":"Feature","properties":{"name":"Melut","country":"South Sudan","iso":"SS","rank":7,"pop":6407,"cap":0},"geometry":{"type":"Point","coordinates":[32.2,10.4337]}},{"type":"Feature","properties":{"name":"Nasir","country":"South Sudan","iso":"SS","rank":7,"pop":1741,"cap":0},"geometry":{"type":"Point","coordinates":[33.0666,8.6004]}},{"type":"Feature","properties":{"name":"Gogrial","country":"South Sudan","iso":"SS","rank":7,"pop":50065,"cap":0},"geometry":{"type":"Point","coordinates":[28.1167,8.5337]}},{"type":"Feature","properties":{"name":"El Manaqil","country":"Sudan","iso":"SD","rank":7,"pop":151827,"cap":0},"geometry":{"type":"Point","coordinates":[32.98,14.2504]}},{"type":"Feature","properties":{"name":"Shendi","country":"Sudan","iso":"SD","rank":7,"pop":186611,"cap":0},"geometry":{"type":"Point","coordinates":[33.42,16.6805]}},{"type":"Feature","properties":{"name":"Berber","country":"Sudan","iso":"SD","rank":7,"pop":49556,"cap":0},"geometry":{"type":"Point","coordinates":[33.9833,18.017]}},{"type":"Feature","properties":{"name":"Kerma","country":"Sudan","iso":"SD","rank":7,"pop":3928,"cap":0},"geometry":{"type":"Point","coordinates":[30.4166,19.6337]}},{"type":"Feature","properties":{"name":"Ed Dueim","country":"Sudan","iso":"SD","rank":7,"pop":87068,"cap":0},"geometry":{"type":"Point","coordinates":[32.3,13.9904]}},{"type":"Feature","properties":{"name":"Umm Ruwaba","country":"Sudan","iso":"SD","rank":7,"pop":55742,"cap":0},"geometry":{"type":"Point","coordinates":[31.2,12.9104]}},{"type":"Feature","properties":{"name":"Kapoeta","country":"South Sudan","iso":"SS","rank":7,"pop":7042,"cap":0},"geometry":{"type":"Point","coordinates":[33.5902,4.7721]}},{"type":"Feature","properties":{"name":"Jinja","country":"Uganda","iso":"UG","rank":7,"pop":301619,"cap":0},"geometry":{"type":"Point","coordinates":[33.1999,0.4404]}},{"type":"Feature","properties":{"name":"Soroti","country":"Uganda","iso":"UG","rank":7,"pop":1038,"cap":0},"geometry":{"type":"Point","coordinates":[33.6,1.7104]}},{"type":"Feature","properties":{"name":"Arua","country":"Uganda","iso":"UG","rank":7,"pop":250000,"cap":0},"geometry":{"type":"Point","coordinates":[30.9,3.0204]}},{"type":"Feature","properties":{"name":"Pakwach","country":"Uganda","iso":"UG","rank":7,"pop":17541,"cap":0},"geometry":{"type":"Point","coordinates":[31.48,2.4704]}},{"type":"Feature","properties":{"name":"Moyo","country":"Uganda","iso":"UG","rank":7,"pop":22434,"cap":0},"geometry":{"type":"Point","coordinates":[31.72,3.6504]}},{"type":"Feature","properties":{"name":"Entebbe","country":"Uganda","iso":"UG","rank":7,"pop":175128,"cap":0},"geometry":{"type":"Point","coordinates":[32.46,0.0604]}},{"type":"Feature","properties":{"name":"Mubende","country":"Uganda","iso":"UG","rank":7,"pop":18936,"cap":0},"geometry":{"type":"Point","coordinates":[31.37,0.5904]}},{"type":"Feature","properties":{"name":"Mityana","country":"Uganda","iso":"UG","rank":7,"pop":41131,"cap":0},"geometry":{"type":"Point","coordinates":[32.05,0.4004]}},{"type":"Feature","properties":{"name":"Kitgum","country":"Uganda","iso":"UG","rank":7,"pop":56891,"cap":0},"geometry":{"type":"Point","coordinates":[32.87,3.3004]}},{"type":"Feature","properties":{"name":"Lira","country":"Uganda","iso":"UG","rank":7,"pop":135445,"cap":0},"geometry":{"type":"Point","coordinates":[32.89,2.2604]}},{"type":"Feature","properties":{"name":"Masindi-Port","country":"Uganda","iso":"UG","rank":7,"pop":8319,"cap":0},"geometry":{"type":"Point","coordinates":[32.0699,1.7004]}},{"type":"Feature","properties":{"name":"Mbale","country":"Uganda","iso":"UG","rank":7,"pop":402368,"cap":0},"geometry":{"type":"Point","coordinates":[34.17,1.0904]}},{"type":"Feature","properties":{"name":"Tororo","country":"Uganda","iso":"UG","rank":7,"pop":150000,"cap":0},"geometry":{"type":"Point","coordinates":[34.17,0.7104]}},{"type":"Feature","properties":{"name":"Kaabong","country":"Uganda","iso":"UG","rank":7,"pop":1137,"cap":0},"geometry":{"type":"Point","coordinates":[34.12,3.5204]}},{"type":"Feature","properties":{"name":"Moroto","country":"Uganda","iso":"UG","rank":7,"pop":371,"cap":0},"geometry":{"type":"Point","coordinates":[34.64,2.5403]}},{"type":"Feature","properties":{"name":"Tunduma","country":"Tanzania","iso":"TZ","rank":7,"pop":36556,"cap":0},"geometry":{"type":"Point","coordinates":[32.7749,-9.2846]}},{"type":"Feature","properties":{"name":"Tukuyu","country":"Tanzania","iso":"TZ","rank":7,"pop":127570,"cap":0},"geometry":{"type":"Point","coordinates":[33.64,-9.2496]}},{"type":"Feature","properties":{"name":"Sumbawanga","country":"Tanzania","iso":"TZ","rank":7,"pop":89161,"cap":0},"geometry":{"type":"Point","coordinates":[31.62,-7.9596]}},{"type":"Feature","properties":{"name":"Mpanda","country":"Tanzania","iso":"TZ","rank":7,"pop":73338,"cap":0},"geometry":{"type":"Point","coordinates":[31.05,-6.3596]}},{"type":"Feature","properties":{"name":"Kipili","country":"Tanzania","iso":"TZ","rank":7,"pop":1533,"cap":0},"geometry":{"type":"Point","coordinates":[30.6,-7.4329]}},{"type":"Feature","properties":{"name":"Karema","country":"Tanzania","iso":"TZ","rank":7,"pop":16385,"cap":0},"geometry":{"type":"Point","coordinates":[30.4333,-6.8162]}},{"type":"Feature","properties":{"name":"Geita","country":"Tanzania","iso":"TZ","rank":7,"pop":1536,"cap":0},"geometry":{"type":"Point","coordinates":[32.1666,-2.8662]}},{"type":"Feature","properties":{"name":"Nyahanga","country":"Tanzania","iso":"TZ","rank":7,"pop":16092,"cap":0},"geometry":{"type":"Point","coordinates":[33.55,-2.3829]}},{"type":"Feature","properties":{"name":"Kahama","country":"Tanzania","iso":"TZ","rank":7,"pop":36014,"cap":0},"geometry":{"type":"Point","coordinates":[32.58,-3.8196]}},{"type":"Feature","properties":{"name":"Shinyanga","country":"Tanzania","iso":"TZ","rank":7,"pop":107362,"cap":0},"geometry":{"type":"Point","coordinates":[33.42,-3.6596]}},{"type":"Feature","properties":{"name":"Nzega","country":"Tanzania","iso":"TZ","rank":7,"pop":26584,"cap":0},"geometry":{"type":"Point","coordinates":[33.18,-4.2096]}},{"type":"Feature","properties":{"name":"Sikonge","country":"Tanzania","iso":"TZ","rank":7,"pop":27113,"cap":0},"geometry":{"type":"Point","coordinates":[32.77,-5.6295]}},{"type":"Feature","properties":{"name":"Biharamulo","country":"Tanzania","iso":"TZ","rank":7,"pop":34038,"cap":0},"geometry":{"type":"Point","coordinates":[31.31,-2.6296]}},{"type":"Feature","properties":{"name":"Bukoba","country":"Tanzania","iso":"TZ","rank":7,"pop":100504,"cap":0},"geometry":{"type":"Point","coordinates":[31.8,-1.3196]}},{"type":"Feature","properties":{"name":"Ngara","country":"Tanzania","iso":"TZ","rank":7,"pop":16890,"cap":0},"geometry":{"type":"Point","coordinates":[30.65,-2.4695]}},{"type":"Feature","properties":{"name":"Masaka","country":"Uganda","iso":"UG","rank":7,"pop":65373,"cap":0},"geometry":{"type":"Point","coordinates":[31.73,-0.3296]}},{"type":"Feature","properties":{"name":"Kakonko","country":"Tanzania","iso":"TZ","rank":7,"pop":24688,"cap":0},"geometry":{"type":"Point","coordinates":[30.96,-3.2796]}},{"type":"Feature","properties":{"name":"Kasulu","country":"Tanzania","iso":"TZ","rank":7,"pop":37349,"cap":0},"geometry":{"type":"Point","coordinates":[30.1,-4.5796]}},{"type":"Feature","properties":{"name":"Kanyato","country":"Tanzania","iso":"TZ","rank":7,"pop":232,"cap":0},"geometry":{"type":"Point","coordinates":[30.2614,-4.4565]}},{"type":"Feature","properties":{"name":"Uvinza","country":"Tanzania","iso":"TZ","rank":7,"pop":80350,"cap":0},"geometry":{"type":"Point","coordinates":[30.39,-5.1196]}},{"type":"Feature","properties":{"name":"Kigoma","country":"Tanzania","iso":"TZ","rank":7,"pop":164268,"cap":0},"geometry":{"type":"Point","coordinates":[29.61,-4.8796]}},{"type":"Feature","properties":{"name":"Katwe","country":"Uganda","iso":"UG","rank":7,"pop":1957,"cap":0},"geometry":{"type":"Point","coordinates":[29.92,-0.1296]}},{"type":"Feature","properties":{"name":"Mbarara","country":"Uganda","iso":"UG","rank":7,"pop":83700,"cap":0},"geometry":{"type":"Point","coordinates":[30.65,-0.5996]}},{"type":"Feature","properties":{"name":"Kabale","country":"Uganda","iso":"UG","rank":7,"pop":44600,"cap":0},"geometry":{"type":"Point","coordinates":[29.98,-1.2496]}},{"type":"Feature","properties":{"name":"Mikumi","country":"Tanzania","iso":"TZ","rank":7,"pop":16780,"cap":0},"geometry":{"type":"Point","coordinates":[36.98,-7.3996]}},{"type":"Feature","properties":{"name":"Ifakara","country":"Tanzania","iso":"TZ","rank":7,"pop":49528,"cap":0},"geometry":{"type":"Point","coordinates":[36.68,-8.1296]}},{"type":"Feature","properties":{"name":"Kilosa","country":"Tanzania","iso":"TZ","rank":7,"pop":91889,"cap":0},"geometry":{"type":"Point","coordinates":[36.99,-6.8396]}},{"type":"Feature","properties":{"name":"Chake Chake","country":"Tanzania","iso":"TZ","rank":7,"pop":49959,"cap":0},"geometry":{"type":"Point","coordinates":[39.77,-5.2395]}},{"type":"Feature","properties":{"name":"Kibiti","country":"Tanzania","iso":"TZ","rank":7,"pop":30163,"cap":0},"geometry":{"type":"Point","coordinates":[38.95,-7.7296]}},{"type":"Feature","properties":{"name":"Bagamoyo","country":"Tanzania","iso":"TZ","rank":7,"pop":82426,"cap":0},"geometry":{"type":"Point","coordinates":[38.89,-6.4396]}},{"type":"Feature","properties":{"name":"Kilindoni","country":"Tanzania","iso":"TZ","rank":7,"pop":12409,"cap":0},"geometry":{"type":"Point","coordinates":[39.65,-7.9163]}},{"type":"Feature","properties":{"name":"Mpwapwa","country":"Tanzania","iso":"TZ","rank":7,"pop":19806,"cap":0},"geometry":{"type":"Point","coordinates":[36.48,-6.3496]}},{"type":"Feature","properties":{"name":"Njombe","country":"Tanzania","iso":"TZ","rank":7,"pop":46724,"cap":0},"geometry":{"type":"Point","coordinates":[34.77,-9.3296]}},{"type":"Feature","properties":{"name":"Iringa","country":"Tanzania","iso":"TZ","rank":7,"pop":111820,"cap":0},"geometry":{"type":"Point","coordinates":[35.69,-7.7696]}},{"type":"Feature","properties":{"name":"Masasi","country":"Tanzania","iso":"TZ","rank":7,"pop":36032,"cap":0},"geometry":{"type":"Point","coordinates":[38.7999,-10.7296]}},{"type":"Feature","properties":{"name":"Mtwara","country":"Tanzania","iso":"TZ","rank":7,"pop":96602,"cap":0},"geometry":{"type":"Point","coordinates":[40.19,-10.2696]}},{"type":"Feature","properties":{"name":"Tunduru","country":"Tanzania","iso":"TZ","rank":7,"pop":600,"cap":0},"geometry":{"type":"Point","coordinates":[37.37,-11.0896]}},{"type":"Feature","properties":{"name":"Mbamba Bay","country":"Tanzania","iso":"TZ","rank":7,"pop":8997,"cap":0},"geometry":{"type":"Point","coordinates":[34.7666,-11.2829]}},{"type":"Feature","properties":{"name":"Manyoni","country":"Tanzania","iso":"TZ","rank":7,"pop":310,"cap":0},"geometry":{"type":"Point","coordinates":[34.9,-5.7796]}},{"type":"Feature","properties":{"name":"Itigi","country":"Tanzania","iso":"TZ","rank":7,"pop":19711,"cap":0},"geometry":{"type":"Point","coordinates":[34.48,-5.6996]}},{"type":"Feature","properties":{"name":"Singida","country":"Tanzania","iso":"TZ","rank":7,"pop":62432,"cap":0},"geometry":{"type":"Point","coordinates":[34.74,-4.8196]}},{"type":"Feature","properties":{"name":"Ngorongoro","country":"Tanzania","iso":"TZ","rank":7,"pop":10836,"cap":0},"geometry":{"type":"Point","coordinates":[35.52,-3.2496]}},{"type":"Feature","properties":{"name":"Oldeani","country":"Tanzania","iso":"TZ","rank":7,"pop":8000,"cap":0},"geometry":{"type":"Point","coordinates":[35.55,-3.3496]}},{"type":"Feature","properties":{"name":"Mbulu","country":"Tanzania","iso":"TZ","rank":7,"pop":13430,"cap":0},"geometry":{"type":"Point","coordinates":[35.53,-3.8496]}},{"type":"Feature","properties":{"name":"Babati","country":"Tanzania","iso":"TZ","rank":7,"pop":34291,"cap":0},"geometry":{"type":"Point","coordinates":[35.75,-4.2195]}},{"type":"Feature","properties":{"name":"Same","country":"Tanzania","iso":"TZ","rank":7,"pop":17455,"cap":0},"geometry":{"type":"Point","coordinates":[37.72,-4.0696]}},{"type":"Feature","properties":{"name":"Moshi","country":"Tanzania","iso":"TZ","rank":7,"pop":721018,"cap":0},"geometry":{"type":"Point","coordinates":[37.34,-3.3396]}},{"type":"Feature","properties":{"name":"Musoma","country":"Tanzania","iso":"TZ","rank":7,"pop":133156,"cap":0},"geometry":{"type":"Point","coordinates":[33.8,-1.4896]}},{"type":"Feature","properties":{"name":"Korogwe","country":"Tanzania","iso":"TZ","rank":7,"pop":50000,"cap":0},"geometry":{"type":"Point","coordinates":[38.54,-5.0896]}},{"type":"Feature","properties":{"name":"En Nuhud","country":"Sudan","iso":"SD","rank":7,"pop":108008,"cap":0},"geometry":{"type":"Point","coordinates":[28.42,12.6904]}},{"type":"Feature","properties":{"name":"Muglad","country":"Sudan","iso":"SD","rank":7,"pop":19997,"cap":0},"geometry":{"type":"Point","coordinates":[27.7333,11.0337]}},{"type":"Feature","properties":{"name":"Nyanza","country":"Rwanda","iso":"RW","rank":7,"pop":225209,"cap":0},"geometry":{"type":"Point","coordinates":[29.74,-2.3496]}},{"type":"Feature","properties":{"name":"Gitarama","country":"Rwanda","iso":"RW","rank":7,"pop":87613,"cap":0},"geometry":{"type":"Point","coordinates":[29.76,-2.0696]}},{"type":"Feature","properties":{"name":"Butare","country":"Rwanda","iso":"RW","rank":7,"pop":77000,"cap":0},"geometry":{"type":"Point","coordinates":[29.73,-2.5896]}},{"type":"Feature","properties":{"name":"Gisenyi","country":"Rwanda","iso":"RW","rank":7,"pop":83623,"cap":0},"geometry":{"type":"Point","coordinates":[29.2629,-1.6847]}},{"type":"Feature","properties":{"name":"Cyangugu","country":"Rwanda","iso":"RW","rank":7,"pop":19900,"cap":0},"geometry":{"type":"Point","coordinates":[28.9,-2.4796]}},{"type":"Feature","properties":{"name":"Byumba","country":"Rwanda","iso":"RW","rank":7,"pop":70593,"cap":0},"geometry":{"type":"Point","coordinates":[30.06,-1.5796]}},{"type":"Feature","properties":{"name":"Ruhengeri","country":"Rwanda","iso":"RW","rank":7,"pop":86685,"cap":0},"geometry":{"type":"Point","coordinates":[29.63,-1.4996]}},{"type":"Feature","properties":{"name":"Gour\u00e9","country":"Niger","iso":"NE","rank":7,"pop":14639,"cap":0},"geometry":{"type":"Point","coordinates":[10.27,13.9874]}},{"type":"Feature","properties":{"name":"Gaya","country":"Niger","iso":"NE","rank":7,"pop":33051,"cap":0},"geometry":{"type":"Point","coordinates":[3.4467,11.8882]}},{"type":"Feature","properties":{"name":"Tillab\u00e9ri","country":"Niger","iso":"NE","rank":7,"pop":19262,"cap":0},"geometry":{"type":"Point","coordinates":[1.4531,14.212]}},{"type":"Feature","properties":{"name":"Ayorou","country":"Niger","iso":"NE","rank":7,"pop":26290,"cap":0},"geometry":{"type":"Point","coordinates":[0.9195,14.7318]}},{"type":"Feature","properties":{"name":"Birni Nkonni","country":"Niger","iso":"NE","rank":7,"pop":65252,"cap":0},"geometry":{"type":"Point","coordinates":[5.2599,13.7904]}},{"type":"Feature","properties":{"name":"Madaoua","country":"Niger","iso":"NE","rank":7,"pop":24804,"cap":0},"geometry":{"type":"Point","coordinates":[5.9586,14.0762]}},{"type":"Feature","properties":{"name":"Makeni","country":"Sierra Leone","iso":"SL","rank":7,"pop":87679,"cap":0},"geometry":{"type":"Point","coordinates":[-12.05,8.8804]}},{"type":"Feature","properties":{"name":"Diourbel","country":"Senegal","iso":"SN","rank":7,"pop":148024,"cap":0},"geometry":{"type":"Point","coordinates":[-16.24,14.6604]}},{"type":"Feature","properties":{"name":"Louga","country":"Senegal","iso":"SN","rank":7,"pop":85075,"cap":0},"geometry":{"type":"Point","coordinates":[-16.25,15.6104]}},{"type":"Feature","properties":{"name":"Thi\u00e8s","country":"Senegal","iso":"SN","rank":7,"pop":293001,"cap":0},"geometry":{"type":"Point","coordinates":[-16.93,14.8104]}},{"type":"Feature","properties":{"name":"Kolda","country":"Senegal","iso":"SN","rank":7,"pop":69267,"cap":0},"geometry":{"type":"Point","coordinates":[-14.95,12.9104]}},{"type":"Feature","properties":{"name":"Tambacounda","country":"Senegal","iso":"SN","rank":7,"pop":89212,"cap":0},"geometry":{"type":"Point","coordinates":[-13.68,13.7804]}},{"type":"Feature","properties":{"name":"K\u00e9dougou","country":"Senegal","iso":"SN","rank":7,"pop":18226,"cap":0},"geometry":{"type":"Point","coordinates":[-12.18,12.5604]}},{"type":"Feature","properties":{"name":"Harper","country":"Liberia","iso":"LR","rank":7,"pop":32661,"cap":0},"geometry":{"type":"Point","coordinates":[-7.717,4.3754]}},{"type":"Feature","properties":{"name":"Gbarnga","country":"Liberia","iso":"LR","rank":7,"pop":45835,"cap":0},"geometry":{"type":"Point","coordinates":[-9.49,7.0104]}},{"type":"Feature","properties":{"name":"Koidu","country":"Sierra Leone","iso":"SL","rank":7,"pop":87539,"cap":0},"geometry":{"type":"Point","coordinates":[-10.85,8.4405]}},{"type":"Feature","properties":{"name":"Kenema","country":"Sierra Leone","iso":"SL","rank":7,"pop":143137,"cap":0},"geometry":{"type":"Point","coordinates":[-11.19,7.8804]}},{"type":"Feature","properties":{"name":"Zwedru","country":"Liberia","iso":"LR","rank":7,"pop":25678,"cap":0},"geometry":{"type":"Point","coordinates":[-8.13,6.0704]}},{"type":"Feature","properties":{"name":"Diffa","country":"Niger","iso":"NE","rank":7,"pop":30988,"cap":0},"geometry":{"type":"Point","coordinates":[12.6089,13.3171]}},{"type":"Feature","properties":{"name":"Nguigmi","country":"Niger","iso":"NE","rank":7,"pop":17897,"cap":0},"geometry":{"type":"Point","coordinates":[13.1108,14.2532]}},{"type":"Feature","properties":{"name":"Mwingi","country":"Kenya","iso":"KE","rank":7,"pop":11219,"cap":0},"geometry":{"type":"Point","coordinates":[38.07,-0.9296]}},{"type":"Feature","properties":{"name":"Embu","country":"Kenya","iso":"KE","rank":7,"pop":58620,"cap":0},"geometry":{"type":"Point","coordinates":[37.45,-0.5196]}},{"type":"Feature","properties":{"name":"Machakos","country":"Kenya","iso":"KE","rank":7,"pop":144925,"cap":0},"geometry":{"type":"Point","coordinates":[37.26,-1.5095]}},{"type":"Feature","properties":{"name":"Nanyuki","country":"Kenya","iso":"KE","rank":7,"pop":36142,"cap":0},"geometry":{"type":"Point","coordinates":[37.06,0.0204]}},{"type":"Feature","properties":{"name":"Maralal","country":"Kenya","iso":"KE","rank":7,"pop":20841,"cap":0},"geometry":{"type":"Point","coordinates":[36.68,1.1105]}},{"type":"Feature","properties":{"name":"Konza","country":"Kenya","iso":"KE","rank":7,"pop":2004,"cap":0},"geometry":{"type":"Point","coordinates":[37.12,-1.7496]}},{"type":"Feature","properties":{"name":"Lodwar","country":"Kenya","iso":"KE","rank":7,"pop":20219,"cap":0},"geometry":{"type":"Point","coordinates":[35.57,3.1304]}},{"type":"Feature","properties":{"name":"Eldama Ravine","country":"Kenya","iso":"KE","rank":7,"pop":17581,"cap":0},"geometry":{"type":"Point","coordinates":[35.72,0.0504]}},{"type":"Feature","properties":{"name":"Sotik","country":"Kenya","iso":"KE","rank":7,"pop":71285,"cap":0},"geometry":{"type":"Point","coordinates":[35.12,-0.6796]}},{"type":"Feature","properties":{"name":"Namanga","country":"Kenya","iso":"KE","rank":7,"pop":13193,"cap":0},"geometry":{"type":"Point","coordinates":[36.8,-2.5396]}},{"type":"Feature","properties":{"name":"Naivasha","country":"Kenya","iso":"KE","rank":7,"pop":43983,"cap":0},"geometry":{"type":"Point","coordinates":[36.43,-0.7096]}},{"type":"Feature","properties":{"name":"Kericho","country":"Kenya","iso":"KE","rank":7,"pop":98852,"cap":0},"geometry":{"type":"Point","coordinates":[35.28,-0.3596]}},{"type":"Feature","properties":{"name":"Kitale","country":"Kenya","iso":"KE","rank":7,"pop":150495,"cap":0},"geometry":{"type":"Point","coordinates":[34.9899,1.0305]}},{"type":"Feature","properties":{"name":"Bungoma","country":"Kenya","iso":"KE","rank":7,"pop":55962,"cap":0},"geometry":{"type":"Point","coordinates":[34.56,0.5704]}},{"type":"Feature","properties":{"name":"Kakamega","country":"Kenya","iso":"KE","rank":7,"pop":63426,"cap":0},"geometry":{"type":"Point","coordinates":[34.73,0.2904]}},{"type":"Feature","properties":{"name":"Wajir","country":"Kenya","iso":"KE","rank":7,"pop":45771,"cap":0},"geometry":{"type":"Point","coordinates":[40.05,1.7504]}},{"type":"Feature","properties":{"name":"Garissa","country":"Kenya","iso":"KE","rank":7,"pop":67861,"cap":0},"geometry":{"type":"Point","coordinates":[39.67,-0.4396]}},{"type":"Feature","properties":{"name":"Colesberg","country":"South Africa","iso":"ZA","rank":7,"pop":12423,"cap":0},"geometry":{"type":"Point","coordinates":[25.1,-30.7195]}},{"type":"Feature","properties":{"name":"Poffader","country":"South Africa","iso":"ZA","rank":7,"pop":4220,"cap":0},"geometry":{"type":"Point","coordinates":[19.3834,-29.1329]}},{"type":"Feature","properties":{"name":"Carnarvon","country":"South Africa","iso":"ZA","rank":7,"pop":5785,"cap":0},"geometry":{"type":"Point","coordinates":[22.1333,-30.9496]}},{"type":"Feature","properties":{"name":"Prieska","country":"South Africa","iso":"ZA","rank":7,"pop":11236,"cap":0},"geometry":{"type":"Point","coordinates":[22.73,-29.6595]}},{"type":"Feature","properties":{"name":"Kuruman","country":"South Africa","iso":"ZA","rank":7,"pop":10006,"cap":0},"geometry":{"type":"Point","coordinates":[23.42,-27.4496]}},{"type":"Feature","properties":{"name":"Knysna","country":"South Africa","iso":"ZA","rank":7,"pop":63106,"cap":0},"geometry":{"type":"Point","coordinates":[23.0333,-34.0329]}},{"type":"Feature","properties":{"name":"Swellendam","country":"South Africa","iso":"ZA","rank":7,"pop":13674,"cap":0},"geometry":{"type":"Point","coordinates":[20.43,-34.0196]}},{"type":"Feature","properties":{"name":"Hermanus","country":"South Africa","iso":"ZA","rank":7,"pop":25153,"cap":0},"geometry":{"type":"Point","coordinates":[19.2299,-34.4096]}},{"type":"Feature","properties":{"name":"Paarl","country":"South Africa","iso":"ZA","rank":7,"pop":187865,"cap":0},"geometry":{"type":"Point","coordinates":[18.96,-33.6996]}},{"type":"Feature","properties":{"name":"Bredasdorp","country":"South Africa","iso":"ZA","rank":7,"pop":14936,"cap":0},"geometry":{"type":"Point","coordinates":[20.03,-34.5295]}},{"type":"Feature","properties":{"name":"Beaufort West","country":"South Africa","iso":"ZA","rank":7,"pop":44737,"cap":0},"geometry":{"type":"Point","coordinates":[22.57,-32.3496]}},{"type":"Feature","properties":{"name":"Moatize","country":"Mozambique","iso":"MZ","rank":7,"pop":42000,"cap":0},"geometry":{"type":"Point","coordinates":[33.95,-16.0995]}},{"type":"Feature","properties":{"name":"Luangwa","country":"Mozambique","iso":"MZ","rank":7,"pop":3065,"cap":0},"geometry":{"type":"Point","coordinates":[30.41,-15.6196]}},{"type":"Feature","properties":{"name":"Manica","country":"Mozambique","iso":"MZ","rank":7,"pop":4000,"cap":0},"geometry":{"type":"Point","coordinates":[32.88,-18.9696]}},{"type":"Feature","properties":{"name":"Espungabera","country":"Mozambique","iso":"MZ","rank":7,"pop":393,"cap":0},"geometry":{"type":"Point","coordinates":[32.77,-20.4501]}},{"type":"Feature","properties":{"name":"Witu","country":"Kenya","iso":"KE","rank":7,"pop":5380,"cap":0},"geometry":{"type":"Point","coordinates":[40.43,-2.3796]}},{"type":"Feature","properties":{"name":"Tsavo","country":"Kenya","iso":"KE","rank":7,"pop":414,"cap":0},"geometry":{"type":"Point","coordinates":[38.4666,-2.9828]}},{"type":"Feature","properties":{"name":"Voi","country":"Kenya","iso":"KE","rank":7,"pop":36487,"cap":0},"geometry":{"type":"Point","coordinates":[38.57,-3.3696]}},{"type":"Feature","properties":{"name":"Kilifi","country":"Kenya","iso":"KE","rank":7,"pop":80339,"cap":0},"geometry":{"type":"Point","coordinates":[39.85,-3.6096]}},{"type":"Feature","properties":{"name":"Karonga","country":"Malawi","iso":"MW","rank":7,"pop":34207,"cap":0},"geometry":{"type":"Point","coordinates":[33.9333,-9.9329]}},{"type":"Feature","properties":{"name":"Thika","country":"Kenya","iso":"KE","rank":7,"pop":99322,"cap":0},"geometry":{"type":"Point","coordinates":[37.09,-1.0396]}},{"type":"Feature","properties":{"name":"Kendu Bay","country":"Kenya","iso":"KE","rank":7,"pop":91248,"cap":0},"geometry":{"type":"Point","coordinates":[34.64,-0.3596]}},{"type":"Feature","properties":{"name":"Karungu","country":"Kenya","iso":"KE","rank":7,"pop":2376,"cap":0},"geometry":{"type":"Point","coordinates":[34.15,-0.8496]}},{"type":"Feature","properties":{"name":"Kisii","country":"Kenya","iso":"KE","rank":7,"pop":28547,"cap":0},"geometry":{"type":"Point","coordinates":[34.76,-0.6696]}},{"type":"Feature","properties":{"name":"Montepuez","country":"Mozambique","iso":"MZ","rank":7,"pop":72279,"cap":0},"geometry":{"type":"Point","coordinates":[39.0,-13.1196]}},{"type":"Feature","properties":{"name":"Mocimboa","country":"Mozambique","iso":"MZ","rank":7,"pop":27909,"cap":0},"geometry":{"type":"Point","coordinates":[40.35,-11.3196]}},{"type":"Feature","properties":{"name":"Marrupa","country":"Mozambique","iso":"MZ","rank":7,"pop":8762,"cap":0},"geometry":{"type":"Point","coordinates":[37.4995,-13.1984]}},{"type":"Feature","properties":{"name":"Cuamba","country":"Mozambique","iso":"MZ","rank":7,"pop":73268,"cap":0},"geometry":{"type":"Point","coordinates":[36.54,-14.7896]}},{"type":"Feature","properties":{"name":"Ligonha","country":"Mozambique","iso":"MZ","rank":7,"pop":3500,"cap":0},"geometry":{"type":"Point","coordinates":[37.74,-15.1757]}},{"type":"Feature","properties":{"name":"Brits","country":"South Africa","iso":"ZA","rank":7,"pop":122497,"cap":0},"geometry":{"type":"Point","coordinates":[27.78,-25.6296]}},{"type":"Feature","properties":{"name":"Bloemhof","country":"South Africa","iso":"ZA","rank":7,"pop":17122,"cap":0},"geometry":{"type":"Point","coordinates":[25.59,-27.6496]}},{"type":"Feature","properties":{"name":"Potchefstroom","country":"South Africa","iso":"ZA","rank":7,"pop":123669,"cap":0},"geometry":{"type":"Point","coordinates":[27.1,-26.6996]}},{"type":"Feature","properties":{"name":"Brandfort","country":"South Africa","iso":"ZA","rank":7,"pop":12091,"cap":0},"geometry":{"type":"Point","coordinates":[26.47,-28.6996]}},{"type":"Feature","properties":{"name":"Bethlehem","country":"South Africa","iso":"ZA","rank":7,"pop":83654,"cap":0},"geometry":{"type":"Point","coordinates":[28.3,-28.2196]}},{"type":"Feature","properties":{"name":"Macia","country":"Mozambique","iso":"MZ","rank":7,"pop":23156,"cap":0},"geometry":{"type":"Point","coordinates":[33.09,-25.0195]}},{"type":"Feature","properties":{"name":"Massangena","country":"Mozambique","iso":"MZ","rank":7,"pop":650,"cap":0},"geometry":{"type":"Point","coordinates":[32.9564,-21.5373]}},{"type":"Feature","properties":{"name":"Mapai","country":"Mozambique","iso":"MZ","rank":7,"pop":201,"cap":0},"geometry":{"type":"Point","coordinates":[31.9631,-22.8427]}},{"type":"Feature","properties":{"name":"Springs","country":"South Africa","iso":"ZA","rank":7,"pop":236083,"cap":0},"geometry":{"type":"Point","coordinates":[28.43,-26.2696]}},{"type":"Feature","properties":{"name":"Volksrust","country":"South Africa","iso":"ZA","rank":7,"pop":43378,"cap":0},"geometry":{"type":"Point","coordinates":[29.89,-27.3596]}},{"type":"Feature","properties":{"name":"Mbombela","country":"South Africa","iso":"ZA","rank":7,"pop":348138,"cap":0},"geometry":{"type":"Point","coordinates":[30.98,-25.4696]}},{"type":"Feature","properties":{"name":"Komatipoort","country":"South Africa","iso":"ZA","rank":7,"pop":20508,"cap":0},"geometry":{"type":"Point","coordinates":[31.94,-25.4096]}},{"type":"Feature","properties":{"name":"Middelburg","country":"South Africa","iso":"ZA","rank":7,"pop":154706,"cap":0},"geometry":{"type":"Point","coordinates":[29.47,-25.7596]}},{"type":"Feature","properties":{"name":"Bethal","country":"South Africa","iso":"ZA","rank":7,"pop":101919,"cap":0},"geometry":{"type":"Point","coordinates":[29.45,-26.4696]}},{"type":"Feature","properties":{"name":"Standerton","country":"South Africa","iso":"ZA","rank":7,"pop":74021,"cap":0},"geometry":{"type":"Point","coordinates":[29.24,-26.9395]}},{"type":"Feature","properties":{"name":"Lebowakgomo","country":"South Africa","iso":"ZA","rank":7,"pop":33308,"cap":0},"geometry":{"type":"Point","coordinates":[29.5,-24.1996]}},{"type":"Feature","properties":{"name":"Tzaneen","country":"South Africa","iso":"ZA","rank":7,"pop":67245,"cap":0},"geometry":{"type":"Point","coordinates":[30.17,-23.8195]}},{"type":"Feature","properties":{"name":"Ulundi","country":"South Africa","iso":"ZA","rank":7,"pop":20753,"cap":0},"geometry":{"type":"Point","coordinates":[31.41,-28.3296]}},{"type":"Feature","properties":{"name":"Ladysmith","country":"South Africa","iso":"ZA","rank":7,"pop":47375,"cap":0},"geometry":{"type":"Point","coordinates":[29.78,-28.5495]}},{"type":"Feature","properties":{"name":"Port Shepstone","country":"South Africa","iso":"ZA","rank":7,"pop":52793,"cap":0},"geometry":{"type":"Point","coordinates":[30.46,-30.7195]}},{"type":"Feature","properties":{"name":"Ubomba","country":"South Africa","iso":"ZA","rank":7,"pop":564,"cap":0},"geometry":{"type":"Point","coordinates":[32.0833,-27.5661]}},{"type":"Feature","properties":{"name":"Sambava","country":"Madagascar","iso":"MG","rank":7,"pop":43465,"cap":0},"geometry":{"type":"Point","coordinates":[50.1666,-14.2662]}},{"type":"Feature","properties":{"name":"Ambanja","country":"Madagascar","iso":"MG","rank":7,"pop":30621,"cap":0},"geometry":{"type":"Point","coordinates":[48.45,-13.6829]}},{"type":"Feature","properties":{"name":"Ihosy","country":"Madagascar","iso":"MG","rank":7,"pop":16990,"cap":0},"geometry":{"type":"Point","coordinates":[46.1167,-22.3996]}},{"type":"Feature","properties":{"name":"Mandritsara","country":"Madagascar","iso":"MG","rank":7,"pop":9705,"cap":0},"geometry":{"type":"Point","coordinates":[48.8166,-15.8328]}},{"type":"Feature","properties":{"name":"Besalampy","country":"Madagascar","iso":"MG","rank":7,"pop":1022,"cap":0},"geometry":{"type":"Point","coordinates":[44.4833,-16.7495]}},{"type":"Feature","properties":{"name":"Marovoay","country":"Madagascar","iso":"MG","rank":7,"pop":31253,"cap":0},"geometry":{"type":"Point","coordinates":[46.6333,-16.0995]}},{"type":"Feature","properties":{"name":"Antsohihy","country":"Madagascar","iso":"MG","rank":7,"pop":21290,"cap":0},"geometry":{"type":"Point","coordinates":[47.9834,-14.8661]}},{"type":"Feature","properties":{"name":"Ambatondrazaka","country":"Madagascar","iso":"MG","rank":7,"pop":43134,"cap":0},"geometry":{"type":"Point","coordinates":[48.4167,-17.8329]}},{"type":"Feature","properties":{"name":"Bekiy","country":"Madagascar","iso":"MG","rank":7,"pop":4286,"cap":0},"geometry":{"type":"Point","coordinates":[45.3166,-24.2162]}},{"type":"Feature","properties":{"name":"Manja","country":"Madagascar","iso":"MG","rank":7,"pop":1536,"cap":0},"geometry":{"type":"Point","coordinates":[44.3333,-21.4329]}},{"type":"Feature","properties":{"name":"Miandrivazo","country":"Madagascar","iso":"MG","rank":7,"pop":20631,"cap":0},"geometry":{"type":"Point","coordinates":[45.4666,-19.5162]}},{"type":"Feature","properties":{"name":"Ksar El Kebir","country":"Morocco","iso":"MA","rank":7,"pop":306600,"cap":0},"geometry":{"type":"Point","coordinates":[-5.91,35.0204]}},{"type":"Feature","properties":{"name":"Larache","country":"Morocco","iso":"MA","rank":7,"pop":120082,"cap":0},"geometry":{"type":"Point","coordinates":[-6.16,35.2004]}},{"type":"Feature","properties":{"name":"Taza","country":"Morocco","iso":"MA","rank":7,"pop":199633,"cap":0},"geometry":{"type":"Point","coordinates":[-4.02,34.2204]}},{"type":"Feature","properties":{"name":"Ouezzane","country":"Morocco","iso":"MA","rank":7,"pop":69658,"cap":0},"geometry":{"type":"Point","coordinates":[-5.57,34.8103]}},{"type":"Feature","properties":{"name":"Kenitra","country":"Morocco","iso":"MA","rank":7,"pop":551786,"cap":0},"geometry":{"type":"Point","coordinates":[-6.58,34.2704]}},{"type":"Feature","properties":{"name":"Settat","country":"Morocco","iso":"MA","rank":7,"pop":161748,"cap":0},"geometry":{"type":"Point","coordinates":[-7.62,33.0104]}},{"type":"Feature","properties":{"name":"Er Rachidia","country":"Morocco","iso":"MA","rank":7,"pop":228489,"cap":0},"geometry":{"type":"Point","coordinates":[-4.45,31.9404]}},{"type":"Feature","properties":{"name":"Meknes","country":"Morocco","iso":"MA","rank":7,"pop":697628,"cap":0},"geometry":{"type":"Point","coordinates":[-5.56,33.9004]}},{"type":"Feature","properties":{"name":"Tiznit","country":"Morocco","iso":"MA","rank":7,"pop":57705,"cap":0},"geometry":{"type":"Point","coordinates":[-9.74,29.7104]}},{"type":"Feature","properties":{"name":"El Jadida","country":"Morocco","iso":"MA","rank":7,"pop":180470,"cap":0},"geometry":{"type":"Point","coordinates":[-8.51,33.2604]}},{"type":"Feature","properties":{"name":"Chitipa","country":"Malawi","iso":"MW","rank":7,"pop":13412,"cap":0},"geometry":{"type":"Point","coordinates":[33.2666,-9.7162]}},{"type":"Feature","properties":{"name":"Nkhata Bay","country":"Malawi","iso":"MW","rank":7,"pop":22108,"cap":0},"geometry":{"type":"Point","coordinates":[34.3,-11.5996]}},{"type":"Feature","properties":{"name":"Nkhotakota","country":"Malawi","iso":"MW","rank":7,"pop":59854,"cap":0},"geometry":{"type":"Point","coordinates":[34.3,-12.9163]}},{"type":"Feature","properties":{"name":"Dondo","country":"Mozambique","iso":"MZ","rank":7,"pop":78648,"cap":0},"geometry":{"type":"Point","coordinates":[34.73,-19.6196]}},{"type":"Feature","properties":{"name":"Chiramba","country":"Mozambique","iso":"MZ","rank":7,"pop":556,"cap":0},"geometry":{"type":"Point","coordinates":[34.6559,-16.8921]}},{"type":"Feature","properties":{"name":"Mocuba","country":"Mozambique","iso":"MZ","rank":7,"pop":68984,"cap":0},"geometry":{"type":"Point","coordinates":[38.26,-16.8496]}},{"type":"Feature","properties":{"name":"Nicuadala","country":"Mozambique","iso":"MZ","rank":7,"pop":6945,"cap":0},"geometry":{"type":"Point","coordinates":[36.8197,-17.6077]}},{"type":"Feature","properties":{"name":"Mangochi","country":"Malawi","iso":"MW","rank":7,"pop":97711,"cap":0},"geometry":{"type":"Point","coordinates":[35.27,-14.4596]}},{"type":"Feature","properties":{"name":"Salima","country":"Malawi","iso":"MW","rank":7,"pop":71181,"cap":0},"geometry":{"type":"Point","coordinates":[34.4333,-13.7829]}},{"type":"Feature","properties":{"name":"Maxixe","country":"Mozambique","iso":"MZ","rank":7,"pop":119868,"cap":0},"geometry":{"type":"Point","coordinates":[35.3886,-23.866]}},{"type":"Feature","properties":{"name":"Panda","country":"Mozambique","iso":"MZ","rank":7,"pop":602,"cap":0},"geometry":{"type":"Point","coordinates":[34.7303,-24.0629]}},{"type":"Feature","properties":{"name":"Quissico","country":"Mozambique","iso":"MZ","rank":7,"pop":1210,"cap":0},"geometry":{"type":"Point","coordinates":[34.766,-24.7257]}},{"type":"Feature","properties":{"name":"Vilanculos","country":"Mozambique","iso":"MZ","rank":7,"pop":177,"cap":0},"geometry":{"type":"Point","coordinates":[35.3166,-21.9995]}},{"type":"Feature","properties":{"name":"Cradock","country":"South Africa","iso":"ZA","rank":7,"pop":32898,"cap":0},"geometry":{"type":"Point","coordinates":[25.61,-32.1995]}},{"type":"Feature","properties":{"name":"Uitenhage","country":"South Africa","iso":"ZA","rank":7,"pop":228912,"cap":0},"geometry":{"type":"Point","coordinates":[25.39,-33.7596]}},{"type":"Feature","properties":{"name":"Port Alfred","country":"South Africa","iso":"ZA","rank":7,"pop":17959,"cap":0},"geometry":{"type":"Point","coordinates":[26.88,-33.5995]}},{"type":"Feature","properties":{"name":"Grahamstown","country":"South Africa","iso":"ZA","rank":7,"pop":91548,"cap":0},"geometry":{"type":"Point","coordinates":[26.52,-33.2996]}},{"type":"Feature","properties":{"name":"Port St. Johns","country":"South Africa","iso":"ZA","rank":7,"pop":5939,"cap":0},"geometry":{"type":"Point","coordinates":[29.5283,-31.6279]}},{"type":"Feature","properties":{"name":"Aliwal North","country":"South Africa","iso":"ZA","rank":7,"pop":44436,"cap":0},"geometry":{"type":"Point","coordinates":[26.71,-30.6896]}},{"type":"Feature","properties":{"name":"Queenstown","country":"South Africa","iso":"ZA","rank":7,"pop":105309,"cap":0},"geometry":{"type":"Point","coordinates":[26.88,-31.8996]}},{"type":"Feature","properties":{"name":"Matola","country":"Mozambique","iso":"MZ","rank":7,"pop":543907,"cap":0},"geometry":{"type":"Point","coordinates":[32.46,-25.9696]}},{"type":"Feature","properties":{"name":"Buurhakaba","country":"Somalia","iso":"SO","rank":7,"pop":31267,"cap":0},"geometry":{"type":"Point","coordinates":[44.0833,2.7837]}},{"type":"Feature","properties":{"name":"Luuq","country":"Somalia","iso":"SO","rank":7,"pop":33820,"cap":0},"geometry":{"type":"Point","coordinates":[42.55,3.8005]}},{"type":"Feature","properties":{"name":"Mandera","country":"Somalia","iso":"SO","rank":7,"pop":52885,"cap":0},"geometry":{"type":"Point","coordinates":[41.86,3.9404]}},{"type":"Feature","properties":{"name":"Ferfer","country":"Somalia","iso":"SO","rank":7,"pop":6000,"cap":0},"geometry":{"type":"Point","coordinates":[45.165,5.0854]}},{"type":"Feature","properties":{"name":"Jawhar","country":"Somalia","iso":"SO","rank":7,"pop":111308,"cap":0},"geometry":{"type":"Point","coordinates":[45.5166,2.767]}},{"type":"Feature","properties":{"name":"Hurdiyo","country":"Somalia","iso":"SO","rank":7,"pop":176,"cap":0},"geometry":{"type":"Point","coordinates":[51.1233,10.582]}},{"type":"Feature","properties":{"name":"Qardho","country":"Somalia","iso":"SO","rank":7,"pop":1341,"cap":0},"geometry":{"type":"Point","coordinates":[49.166,9.5004]}},{"type":"Feature","properties":{"name":"Caluula","country":"Somalia","iso":"SO","rank":7,"pop":513,"cap":0},"geometry":{"type":"Point","coordinates":[50.75,11.967]}},{"type":"Feature","properties":{"name":"Buur Gaabo","country":"Somalia","iso":"SO","rank":7,"pop":3096,"cap":0},"geometry":{"type":"Point","coordinates":[41.852,-1.2009]}},{"type":"Feature","properties":{"name":"Goundam","country":"Mali","iso":"ML","rank":7,"pop":8456,"cap":0},"geometry":{"type":"Point","coordinates":[-3.6666,16.417]}},{"type":"Feature","properties":{"name":"Aguelhok","country":"Mali","iso":"ML","rank":7,"pop":9000,"cap":0},"geometry":{"type":"Point","coordinates":[0.8564,19.4549]}},{"type":"Feature","properties":{"name":"Bourem","country":"Mali","iso":"ML","rank":7,"pop":30000,"cap":0},"geometry":{"type":"Point","coordinates":[-0.35,16.9004]}},{"type":"Feature","properties":{"name":"Zouirat","country":"Mauritania","iso":"MR","rank":7,"pop":56345,"cap":0},"geometry":{"type":"Point","coordinates":[-12.4833,22.7304]}},{"type":"Feature","properties":{"name":"Chegga","country":"Mauritania","iso":"MR","rank":7,"pop":10,"cap":0},"geometry":{"type":"Point","coordinates":[-5.78,25.3804]}},{"type":"Feature","properties":{"name":"Magta Lajar","country":"Mauritania","iso":"MR","rank":7,"pop":10,"cap":0},"geometry":{"type":"Point","coordinates":[-13.5,17.0004]}},{"type":"Feature","properties":{"name":"Bogue","country":"Mauritania","iso":"MR","rank":7,"pop":10415,"cap":0},"geometry":{"type":"Point","coordinates":[-14.27,16.5904]}},{"type":"Feature","properties":{"name":"Boutilimit","country":"Mauritania","iso":"MR","rank":7,"pop":14142,"cap":0},"geometry":{"type":"Point","coordinates":[-14.7,17.5504]}},{"type":"Feature","properties":{"name":"S\u00e9libaby","country":"Mauritania","iso":"MR","rank":7,"pop":460,"cap":0},"geometry":{"type":"Point","coordinates":[-12.1833,15.167]}},{"type":"Feature","properties":{"name":"Kati","country":"Mali","iso":"ML","rank":7,"pop":66895,"cap":0},"geometry":{"type":"Point","coordinates":[-8.08,12.7504]}},{"type":"Feature","properties":{"name":"Banamba","country":"Mali","iso":"ML","rank":7,"pop":30591,"cap":0},"geometry":{"type":"Point","coordinates":[-7.45,13.5504]}},{"type":"Feature","properties":{"name":"Kangaba","country":"Mali","iso":"ML","rank":7,"pop":17232,"cap":0},"geometry":{"type":"Point","coordinates":[-8.44,11.9404]}},{"type":"Feature","properties":{"name":"Nioro du Sahel","country":"Mali","iso":"ML","rank":7,"pop":14421,"cap":0},"geometry":{"type":"Point","coordinates":[-9.59,15.2304]}},{"type":"Feature","properties":{"name":"Bafoulab\u00e9","country":"Mali","iso":"ML","rank":7,"pop":26823,"cap":0},"geometry":{"type":"Point","coordinates":[-10.82,13.8004]}},{"type":"Feature","properties":{"name":"Satadougou","country":"Mali","iso":"ML","rank":7,"pop":706,"cap":0},"geometry":{"type":"Point","coordinates":[-11.4066,12.617]}},{"type":"Feature","properties":{"name":"Y\u00e9liman\u00e9","country":"Mali","iso":"ML","rank":7,"pop":988,"cap":0},"geometry":{"type":"Point","coordinates":[-10.5666,15.1337]}},{"type":"Feature","properties":{"name":"Kita","country":"Mali","iso":"ML","rank":7,"pop":46435,"cap":0},"geometry":{"type":"Point","coordinates":[-9.4833,13.0504]}},{"type":"Feature","properties":{"name":"Koutiala","country":"Mali","iso":"ML","rank":7,"pop":104927,"cap":0},"geometry":{"type":"Point","coordinates":[-5.47,12.3904]}},{"type":"Feature","properties":{"name":"Sikasso","country":"Mali","iso":"ML","rank":7,"pop":225753,"cap":0},"geometry":{"type":"Point","coordinates":[-5.68,11.3204]}},{"type":"Feature","properties":{"name":"Bougouni","country":"Mali","iso":"ML","rank":7,"pop":35450,"cap":0},"geometry":{"type":"Point","coordinates":[-7.49,11.4204]}},{"type":"Feature","properties":{"name":"Timbedra","country":"Mauritania","iso":"MR","rank":7,"pop":245,"cap":0},"geometry":{"type":"Point","coordinates":[-8.1666,16.2504]}},{"type":"Feature","properties":{"name":"Nema","country":"Mauritania","iso":"MR","rank":7,"pop":200000,"cap":0},"geometry":{"type":"Point","coordinates":[-7.25,16.6171]}},{"type":"Feature","properties":{"name":"Markala","country":"Mali","iso":"ML","rank":7,"pop":53738,"cap":0},"geometry":{"type":"Point","coordinates":[-6.07,13.6704]}},{"type":"Feature","properties":{"name":"Sokolo","country":"Mali","iso":"ML","rank":7,"pop":4374,"cap":0},"geometry":{"type":"Point","coordinates":[-6.1333,14.7337]}},{"type":"Feature","properties":{"name":"San","country":"Mali","iso":"ML","rank":7,"pop":41386,"cap":0},"geometry":{"type":"Point","coordinates":[-4.9,13.3004]}},{"type":"Feature","properties":{"name":"Biu","country":"Nigeria","iso":"NG","rank":7,"pop":95005,"cap":0},"geometry":{"type":"Point","coordinates":[12.19,10.6204]}},{"type":"Feature","properties":{"name":"Bama","country":"Nigeria","iso":"NG","rank":7,"pop":118121,"cap":0},"geometry":{"type":"Point","coordinates":[13.69,11.5204]}},{"type":"Feature","properties":{"name":"Aba","country":"Nigeria","iso":"NG","rank":7,"pop":897560,"cap":0},"geometry":{"type":"Point","coordinates":[7.35,5.1004]}},{"type":"Feature","properties":{"name":"Opobo","country":"Nigeria","iso":"NG","rank":7,"pop":34911,"cap":0},"geometry":{"type":"Point","coordinates":[7.56,4.5704]}},{"type":"Feature","properties":{"name":"Orlu","country":"Nigeria","iso":"NG","rank":7,"pop":9351,"cap":0},"geometry":{"type":"Point","coordinates":[7.0333,5.7837]}},{"type":"Feature","properties":{"name":"Oturkpo","country":"Nigeria","iso":"NG","rank":7,"pop":68220,"cap":0},"geometry":{"type":"Point","coordinates":[8.13,7.1904]}},{"type":"Feature","properties":{"name":"Calabar","country":"Nigeria","iso":"NG","rank":7,"pop":461796,"cap":0},"geometry":{"type":"Point","coordinates":[8.33,4.9604]}},{"type":"Feature","properties":{"name":"Wukari","country":"Nigeria","iso":"NG","rank":7,"pop":92933,"cap":0},"geometry":{"type":"Point","coordinates":[9.78,7.8704]}},{"type":"Feature","properties":{"name":"Jalingo","country":"Nigeria","iso":"NG","rank":7,"pop":117757,"cap":0},"geometry":{"type":"Point","coordinates":[11.36,8.9004]}},{"type":"Feature","properties":{"name":"Kontagora","country":"Nigeria","iso":"NG","rank":7,"pop":98754,"cap":0},"geometry":{"type":"Point","coordinates":[5.4699,10.4004]}},{"type":"Feature","properties":{"name":"Bida","country":"Nigeria","iso":"NG","rank":7,"pop":173849,"cap":0},"geometry":{"type":"Point","coordinates":[6.01,9.0804]}},{"type":"Feature","properties":{"name":"Abeokuta","country":"Nigeria","iso":"NG","rank":7,"pop":593100,"cap":0},"geometry":{"type":"Point","coordinates":[3.35,7.1604]}},{"type":"Feature","properties":{"name":"Ijebu Ode","country":"Nigeria","iso":"NG","rank":7,"pop":209175,"cap":0},"geometry":{"type":"Point","coordinates":[3.92,6.8204]}},{"type":"Feature","properties":{"name":"Akure","country":"Nigeria","iso":"NG","rank":7,"pop":420594,"cap":0},"geometry":{"type":"Point","coordinates":[5.2,7.2504]}},{"type":"Feature","properties":{"name":"Ikare","country":"Nigeria","iso":"NG","rank":7,"pop":1099931,"cap":0},"geometry":{"type":"Point","coordinates":[5.76,7.5304]}},{"type":"Feature","properties":{"name":"Owo","country":"Nigeria","iso":"NG","rank":7,"pop":276574,"cap":0},"geometry":{"type":"Point","coordinates":[5.59,7.2004]}},{"type":"Feature","properties":{"name":"Ondo","country":"Nigeria","iso":"NG","rank":7,"pop":257005,"cap":0},"geometry":{"type":"Point","coordinates":[4.84,7.0904]}},{"type":"Feature","properties":{"name":"Ado Ekiti","country":"Nigeria","iso":"NG","rank":7,"pop":446749,"cap":0},"geometry":{"type":"Point","coordinates":[5.22,7.6304]}},{"type":"Feature","properties":{"name":"Ife","country":"Nigeria","iso":"NG","rank":7,"pop":482365,"cap":0},"geometry":{"type":"Point","coordinates":[4.56,7.4804]}},{"type":"Feature","properties":{"name":"Oshogbo","country":"Nigeria","iso":"NG","rank":7,"pop":408245,"cap":0},"geometry":{"type":"Point","coordinates":[4.56,7.7704]}},{"type":"Feature","properties":{"name":"Oyo","country":"Nigeria","iso":"NG","rank":7,"pop":736072,"cap":0},"geometry":{"type":"Point","coordinates":[3.93,7.8504]}},{"type":"Feature","properties":{"name":"Awka","country":"Nigeria","iso":"NG","rank":7,"pop":500000,"cap":0},"geometry":{"type":"Point","coordinates":[7.07,6.2104]}},{"type":"Feature","properties":{"name":"Onitsha","country":"Nigeria","iso":"NG","rank":7,"pop":73374,"cap":0},"geometry":{"type":"Point","coordinates":[6.78,6.1404]}},{"type":"Feature","properties":{"name":"Azare","country":"Nigeria","iso":"NG","rank":7,"pop":105687,"cap":0},"geometry":{"type":"Point","coordinates":[10.19,11.6804]}},{"type":"Feature","properties":{"name":"Bauchi","country":"Nigeria","iso":"NG","rank":7,"pop":316149,"cap":0},"geometry":{"type":"Point","coordinates":[9.84,10.3104]}},{"type":"Feature","properties":{"name":"Gombe","country":"Nigeria","iso":"NG","rank":7,"pop":270366,"cap":0},"geometry":{"type":"Point","coordinates":[11.17,10.2904]}},{"type":"Feature","properties":{"name":"Kumo","country":"Nigeria","iso":"NG","rank":7,"pop":35712,"cap":0},"geometry":{"type":"Point","coordinates":[11.2131,10.0457]}},{"type":"Feature","properties":{"name":"Sapele","country":"Nigeria","iso":"NG","rank":7,"pop":309162,"cap":0},"geometry":{"type":"Point","coordinates":[5.68,5.8904]}},{"type":"Feature","properties":{"name":"Nsukka","country":"Nigeria","iso":"NG","rank":7,"pop":111017,"cap":0},"geometry":{"type":"Point","coordinates":[7.3834,6.867]}},{"type":"Feature","properties":{"name":"Lokoja","country":"Nigeria","iso":"NG","rank":7,"pop":60579,"cap":0},"geometry":{"type":"Point","coordinates":[6.7399,7.8004]}},{"type":"Feature","properties":{"name":"Idah","country":"Nigeria","iso":"NG","rank":7,"pop":75087,"cap":0},"geometry":{"type":"Point","coordinates":[6.7399,7.1104]}},{"type":"Feature","properties":{"name":"Lafia","country":"Nigeria","iso":"NG","rank":7,"pop":127236,"cap":0},"geometry":{"type":"Point","coordinates":[8.52,8.4904]}},{"type":"Feature","properties":{"name":"Keffi","country":"Nigeria","iso":"NG","rank":7,"pop":85911,"cap":0},"geometry":{"type":"Point","coordinates":[7.8736,8.849]}},{"type":"Feature","properties":{"name":"Funtua","country":"Nigeria","iso":"NG","rank":7,"pop":180475,"cap":0},"geometry":{"type":"Point","coordinates":[7.32,11.5204]}},{"type":"Feature","properties":{"name":"Katsina","country":"Nigeria","iso":"NG","rank":7,"pop":432149,"cap":0},"geometry":{"type":"Point","coordinates":[7.6,12.9904]}},{"type":"Feature","properties":{"name":"Gusau","country":"Nigeria","iso":"NG","rank":7,"pop":226857,"cap":0},"geometry":{"type":"Point","coordinates":[6.66,12.1704]}},{"type":"Feature","properties":{"name":"Nguru","country":"Nigeria","iso":"NG","rank":7,"pop":111014,"cap":0},"geometry":{"type":"Point","coordinates":[10.45,12.8804]}},{"type":"Feature","properties":{"name":"Gashua","country":"Nigeria","iso":"NG","rank":7,"pop":125817,"cap":0},"geometry":{"type":"Point","coordinates":[11.04,12.8705]}},{"type":"Feature","properties":{"name":"Potiskum","country":"Nigeria","iso":"NG","rank":7,"pop":86002,"cap":0},"geometry":{"type":"Point","coordinates":[11.08,11.7104]}},{"type":"Feature","properties":{"name":"Birnin Kebbi","country":"Nigeria","iso":"NG","rank":7,"pop":108164,"cap":0},"geometry":{"type":"Point","coordinates":[4.1999,12.4504]}},{"type":"Feature","properties":{"name":"Koko","country":"Nigeria","iso":"NG","rank":7,"pop":25792,"cap":0},"geometry":{"type":"Point","coordinates":[4.517,11.4232]}},{"type":"Feature","properties":{"name":"Mubi","country":"Nigeria","iso":"NG","rank":7,"pop":225705,"cap":0},"geometry":{"type":"Point","coordinates":[13.27,10.2703]}},{"type":"Feature","properties":{"name":"Numan","country":"Nigeria","iso":"NG","rank":7,"pop":77617,"cap":0},"geometry":{"type":"Point","coordinates":[12.04,9.4604]}},{"type":"Feature","properties":{"name":"Dirj","country":"Libya","iso":"LY","rank":7,"pop":931,"cap":0},"geometry":{"type":"Point","coordinates":[10.4567,30.1679]}},{"type":"Feature","properties":{"name":"Nalut","country":"Libya","iso":"LY","rank":7,"pop":66609,"cap":0},"geometry":{"type":"Point","coordinates":[10.97,31.8804]}},{"type":"Feature","properties":{"name":"Zillah","country":"Libya","iso":"LY","rank":7,"pop":10,"cap":0},"geometry":{"type":"Point","coordinates":[17.5834,28.5504]}},{"type":"Feature","properties":{"name":"Al Khums","country":"Libya","iso":"LY","rank":7,"pop":201943,"cap":0},"geometry":{"type":"Point","coordinates":[14.26,32.6604]}},{"type":"Feature","properties":{"name":"Tajarhi","country":"Libya","iso":"LY","rank":7,"pop":1500,"cap":0},"geometry":{"type":"Point","coordinates":[14.4708,24.3704]}},{"type":"Feature","properties":{"name":"Umm al Abid","country":"Libya","iso":"LY","rank":7,"pop":300,"cap":0},"geometry":{"type":"Point","coordinates":[15.0333,27.517]}},{"type":"Feature","properties":{"name":"Az Zawiyah","country":"Libya","iso":"LY","rank":7,"pop":200000,"cap":0},"geometry":{"type":"Point","coordinates":[12.72,32.7604]}},{"type":"Feature","properties":{"name":"Gharyan","country":"Libya","iso":"LY","rank":7,"pop":146810,"cap":0},"geometry":{"type":"Point","coordinates":[13.02,32.1704]}},{"type":"Feature","properties":{"name":"Mizdah","country":"Libya","iso":"LY","rank":7,"pop":26107,"cap":0},"geometry":{"type":"Point","coordinates":[12.9833,31.4337]}},{"type":"Feature","properties":{"name":"Bani Walid","country":"Libya","iso":"LY","rank":7,"pop":65392,"cap":0},"geometry":{"type":"Point","coordinates":[13.99,31.7704]}},{"type":"Feature","properties":{"name":"Al Marj","country":"Libya","iso":"LY","rank":7,"pop":169540,"cap":0},"geometry":{"type":"Point","coordinates":[20.83,32.5005]}},{"type":"Feature","properties":{"name":"Al Bayda","country":"Libya","iso":"LY","rank":7,"pop":1794,"cap":0},"geometry":{"type":"Point","coordinates":[21.62,32.7604]}},{"type":"Feature","properties":{"name":"Shahhat","country":"Libya","iso":"LY","rank":7,"pop":45000,"cap":0},"geometry":{"type":"Point","coordinates":[21.8622,32.8281]}},{"type":"Feature","properties":{"name":"El Agheila","country":"Libya","iso":"LY","rank":7,"pop":100,"cap":0},"geometry":{"type":"Point","coordinates":[19.2,30.257]}},{"type":"Feature","properties":{"name":"Maradah","country":"Libya","iso":"LY","rank":7,"pop":2500,"cap":0},"geometry":{"type":"Point","coordinates":[19.2166,29.2337]}},{"type":"Feature","properties":{"name":"Qaminis","country":"Libya","iso":"LY","rank":7,"pop":5348,"cap":0},"geometry":{"type":"Point","coordinates":[20.0155,31.6606]}},{"type":"Feature","properties":{"name":"As Sidr","country":"Libya","iso":"LY","rank":7,"pop":50,"cap":0},"geometry":{"type":"Point","coordinates":[18.2666,30.6704]}},{"type":"Feature","properties":{"name":"Al Jaghbub","country":"Libya","iso":"LY","rank":7,"pop":1744,"cap":0},"geometry":{"type":"Point","coordinates":[24.5166,29.7504]}},{"type":"Feature","properties":{"name":"Karasburg","country":"Namibia","iso":"NA","rank":7,"pop":6054,"cap":0},"geometry":{"type":"Point","coordinates":[18.74,-28.0196]}},{"type":"Feature","properties":{"name":"Bethanie","country":"Namibia","iso":"NA","rank":7,"pop":10363,"cap":0},"geometry":{"type":"Point","coordinates":[17.15,-26.4995]}},{"type":"Feature","properties":{"name":"Oranjemund","country":"Namibia","iso":"NA","rank":7,"pop":8496,"cap":0},"geometry":{"type":"Point","coordinates":[16.43,-28.5495]}},{"type":"Feature","properties":{"name":"Mariental","country":"Namibia","iso":"NA","rank":7,"pop":13380,"cap":0},"geometry":{"type":"Point","coordinates":[17.9599,-24.6196]}},{"type":"Feature","properties":{"name":"Rehoboth","country":"Namibia","iso":"NA","rank":7,"pop":25219,"cap":0},"geometry":{"type":"Point","coordinates":[17.08,-23.3196]}},{"type":"Feature","properties":{"name":"Outjo","country":"Namibia","iso":"NA","rank":7,"pop":6557,"cap":0},"geometry":{"type":"Point","coordinates":[16.14,-20.1095]}},{"type":"Feature","properties":{"name":"Opuwo","country":"Namibia","iso":"NA","rank":7,"pop":4857,"cap":0},"geometry":{"type":"Point","coordinates":[13.82,-18.0596]}},{"type":"Feature","properties":{"name":"Usakos","country":"Namibia","iso":"NA","rank":7,"pop":9147,"cap":0},"geometry":{"type":"Point","coordinates":[15.58,-21.9995]}},{"type":"Feature","properties":{"name":"Okahandja","country":"Namibia","iso":"NA","rank":7,"pop":20879,"cap":0},"geometry":{"type":"Point","coordinates":[16.91,-21.9796]}},{"type":"Feature","properties":{"name":"Otjiwarongo","country":"Namibia","iso":"NA","rank":7,"pop":24815,"cap":0},"geometry":{"type":"Point","coordinates":[16.64,-20.4595]}},{"type":"Feature","properties":{"name":"Oshikango","country":"Namibia","iso":"NA","rank":7,"pop":12423,"cap":0},"geometry":{"type":"Point","coordinates":[15.88,-17.3995]}},{"type":"Feature","properties":{"name":"Cuangar","country":"Namibia","iso":"NA","rank":7,"pop":500,"cap":0},"geometry":{"type":"Point","coordinates":[18.62,-17.6095]}},{"type":"Feature","properties":{"name":"Katima Mulilo","country":"Namibia","iso":"NA","rank":7,"pop":25027,"cap":0},"geometry":{"type":"Point","coordinates":[24.26,-17.4996]}},{"type":"Feature","properties":{"name":"Mucusso","country":"Angola","iso":"AO","rank":7,"pop":100,"cap":0},"geometry":{"type":"Point","coordinates":[21.43,-18.0195]}},{"type":"Feature","properties":{"name":"Dawra","country":"Morocco","iso":"MA","rank":7,"pop":10,"cap":0},"geometry":{"type":"Point","coordinates":[-12.9922,27.4629]}},{"type":"Feature","properties":{"name":"Lemsid","country":"Morocco","iso":"MA","rank":7,"pop":100,"cap":0},"geometry":{"type":"Point","coordinates":[-13.8482,26.5482]}},{"type":"Feature","properties":{"name":"Tan Tan","country":"Morocco","iso":"MA","rank":7,"pop":64868,"cap":0},"geometry":{"type":"Point","coordinates":[-11.1,28.4304]}},{"type":"Feature","properties":{"name":"Bir Anzarane","country":"Morocco","iso":"MA","rank":7,"pop":6597,"cap":0},"geometry":{"type":"Point","coordinates":[-14.5333,23.8837]}},{"type":"Feature","properties":{"name":"Bolama","country":"Guinea Bissau","iso":"GW","rank":7,"pop":10769,"cap":0},"geometry":{"type":"Point","coordinates":[-15.4828,11.583]}},{"type":"Feature","properties":{"name":"Bafat\u00e1","country":"Guinea Bissau","iso":"GW","rank":7,"pop":29704,"cap":0},"geometry":{"type":"Point","coordinates":[-14.666,12.167]}},{"type":"Feature","properties":{"name":"Mba\u00efki","country":"Central African Republic","iso":"CF","rank":7,"pop":67132,"cap":0},"geometry":{"type":"Point","coordinates":[18.0,3.8704]}},{"type":"Feature","properties":{"name":"Carnot","country":"Central African Republic","iso":"CF","rank":7,"pop":38071,"cap":0},"geometry":{"type":"Point","coordinates":[15.8666,4.9337]}},{"type":"Feature","properties":{"name":"Bozoum","country":"Central African Republic","iso":"CF","rank":7,"pop":40201,"cap":0},"geometry":{"type":"Point","coordinates":[16.3833,6.317]}},{"type":"Feature","properties":{"name":"Kaga Bandoro","country":"Central African Republic","iso":"CF","rank":7,"pop":56520,"cap":0},"geometry":{"type":"Point","coordinates":[19.18,6.9804]}},{"type":"Feature","properties":{"name":"Zemio","country":"Central African Republic","iso":"CF","rank":7,"pop":20000,"cap":0},"geometry":{"type":"Point","coordinates":[25.1333,5.0337]}},{"type":"Feature","properties":{"name":"Yakossi","country":"Central African Republic","iso":"CF","rank":7,"pop":500,"cap":0},"geometry":{"type":"Point","coordinates":[23.3167,5.617]}},{"type":"Feature","properties":{"name":"Zongo","country":"Congo (Kinshasa)","iso":"CD","rank":7,"pop":17667,"cap":0},"geometry":{"type":"Point","coordinates":[18.615,4.3303]}},{"type":"Feature","properties":{"name":"Libenge","country":"Congo (Kinshasa)","iso":"CD","rank":7,"pop":27053,"cap":0},"geometry":{"type":"Point","coordinates":[18.62,3.6604]}},{"type":"Feature","properties":{"name":"Bongandanga","country":"Congo (Kinshasa)","iso":"CD","rank":7,"pop":4105,"cap":0},"geometry":{"type":"Point","coordinates":[21.05,1.5104]}},{"type":"Feature","properties":{"name":"Ikela","country":"Congo (Kinshasa)","iso":"CD","rank":7,"pop":291,"cap":0},"geometry":{"type":"Point","coordinates":[23.2666,-1.1829]}},{"type":"Feature","properties":{"name":"Binga","country":"Congo (Kinshasa)","iso":"CD","rank":7,"pop":64639,"cap":0},"geometry":{"type":"Point","coordinates":[20.42,2.3834]}},{"type":"Feature","properties":{"name":"Basankusu","country":"Congo (Kinshasa)","iso":"CD","rank":7,"pop":52216,"cap":0},"geometry":{"type":"Point","coordinates":[19.8,1.2337]}},{"type":"Feature","properties":{"name":"Boende","country":"Congo (Kinshasa)","iso":"CD","rank":7,"pop":32091,"cap":0},"geometry":{"type":"Point","coordinates":[20.86,-0.2196]}},{"type":"Feature","properties":{"name":"Gbadolite","country":"Congo (Kinshasa)","iso":"CD","rank":7,"pop":50493,"cap":0},"geometry":{"type":"Point","coordinates":[21.0199,4.2904]}},{"type":"Feature","properties":{"name":"Businga","country":"Congo (Kinshasa)","iso":"CD","rank":7,"pop":34247,"cap":0},"geometry":{"type":"Point","coordinates":[20.87,3.3404]}},{"type":"Feature","properties":{"name":"Bosobolo","country":"Congo (Kinshasa)","iso":"CD","rank":7,"pop":14553,"cap":0},"geometry":{"type":"Point","coordinates":[19.88,4.1904]}},{"type":"Feature","properties":{"name":"Zouar","country":"Chad","iso":"TD","rank":7,"pop":204,"cap":0},"geometry":{"type":"Point","coordinates":[16.5278,20.4587]}},{"type":"Feature","properties":{"name":"Bol","country":"Chad","iso":"TD","rank":7,"pop":3303,"cap":0},"geometry":{"type":"Point","coordinates":[14.7147,13.459]}},{"type":"Feature","properties":{"name":"Calatrava","country":"Equatorial Guinea","iso":"GQ","rank":7,"pop":628,"cap":0},"geometry":{"type":"Point","coordinates":[9.4186,1.1164]}},{"type":"Feature","properties":{"name":"Mongomo","country":"Equatorial Guinea","iso":"GQ","rank":7,"pop":6560,"cap":0},"geometry":{"type":"Point","coordinates":[11.3166,1.6337]}},{"type":"Feature","properties":{"name":"Ati","country":"Chad","iso":"TD","rank":7,"pop":25373,"cap":0},"geometry":{"type":"Point","coordinates":[18.3333,13.2171]}},{"type":"Feature","properties":{"name":"Oum Hadjer","country":"Chad","iso":"TD","rank":7,"pop":19271,"cap":0},"geometry":{"type":"Point","coordinates":[19.6833,13.3004]}},{"type":"Feature","properties":{"name":"Mongo","country":"Chad","iso":"TD","rank":7,"pop":27763,"cap":0},"geometry":{"type":"Point","coordinates":[18.7,12.1837]}},{"type":"Feature","properties":{"name":"Doba","country":"Chad","iso":"TD","rank":7,"pop":29597,"cap":0},"geometry":{"type":"Point","coordinates":[16.85,8.6504]}},{"type":"Feature","properties":{"name":"Pala","country":"Chad","iso":"TD","rank":7,"pop":35466,"cap":0},"geometry":{"type":"Point","coordinates":[14.9666,9.3504]}},{"type":"Feature","properties":{"name":"Bongor","country":"Chad","iso":"TD","rank":7,"pop":193941,"cap":0},"geometry":{"type":"Point","coordinates":[15.3872,10.2859]}},{"type":"Feature","properties":{"name":"Kelo","country":"Chad","iso":"TD","rank":7,"pop":96224,"cap":0},"geometry":{"type":"Point","coordinates":[15.8,9.3171]}},{"type":"Feature","properties":{"name":"Tanta","country":"Egypt","iso":"EG","rank":7,"pop":404901,"cap":0},"geometry":{"type":"Point","coordinates":[31.0,30.7904]}},{"type":"Feature","properties":{"name":"Isma\u00eflia","country":"Egypt","iso":"EG","rank":7,"pop":656135,"cap":0},"geometry":{"type":"Point","coordinates":[32.26,30.5903]}},{"type":"Feature","properties":{"name":"El Mansura","country":"Egypt","iso":"EG","rank":7,"pop":600000,"cap":0},"geometry":{"type":"Point","coordinates":[31.38,31.0504]}},{"type":"Feature","properties":{"name":"Dumyat","country":"Egypt","iso":"EG","rank":7,"pop":299459,"cap":0},"geometry":{"type":"Point","coordinates":[31.82,31.4204]}},{"type":"Feature","properties":{"name":"Matruh","country":"Egypt","iso":"EG","rank":7,"pop":103470,"cap":0},"geometry":{"type":"Point","coordinates":[27.23,31.3504]}},{"type":"Feature","properties":{"name":"El Alamein","country":"Egypt","iso":"EG","rank":7,"pop":7400,"cap":0},"geometry":{"type":"Point","coordinates":[28.95,30.8171]}},{"type":"Feature","properties":{"name":"El Daba","country":"Egypt","iso":"EG","rank":7,"pop":14212,"cap":0},"geometry":{"type":"Point","coordinates":[28.4333,31.0338]}},{"type":"Feature","properties":{"name":"Salum","country":"Egypt","iso":"EG","rank":7,"pop":7330,"cap":0},"geometry":{"type":"Point","coordinates":[25.15,31.567]}},{"type":"Feature","properties":{"name":"Damanh\u00fbr","country":"Egypt","iso":"EG","rank":7,"pop":500000,"cap":0},"geometry":{"type":"Point","coordinates":[30.47,31.0504]}},{"type":"Feature","properties":{"name":"Samalut","country":"Egypt","iso":"EG","rank":7,"pop":152097,"cap":0},"geometry":{"type":"Point","coordinates":[30.71,28.3004]}},{"type":"Feature","properties":{"name":"Mallawi","country":"Egypt","iso":"EG","rank":7,"pop":217365,"cap":0},"geometry":{"type":"Point","coordinates":[30.84,27.7304]}},{"type":"Feature","properties":{"name":"Beni Mazar","country":"Egypt","iso":"EG","rank":7,"pop":79553,"cap":0},"geometry":{"type":"Point","coordinates":[30.81,28.4904]}},{"type":"Feature","properties":{"name":"Beni Suef","country":"Egypt","iso":"EG","rank":7,"pop":489450,"cap":0},"geometry":{"type":"Point","coordinates":[31.09,29.0804]}},{"type":"Feature","properties":{"name":"Rashid","country":"Egypt","iso":"EG","rank":7,"pop":199509,"cap":0},"geometry":{"type":"Point","coordinates":[30.39,31.4604]}},{"type":"Feature","properties":{"name":"Qasr Farafra","country":"Egypt","iso":"EG","rank":7,"pop":5000,"cap":0},"geometry":{"type":"Point","coordinates":[27.9666,27.0671]}},{"type":"Feature","properties":{"name":"El Qasr","country":"Egypt","iso":"EG","rank":7,"pop":1716,"cap":0},"geometry":{"type":"Point","coordinates":[28.8833,25.7004]}},{"type":"Feature","properties":{"name":"Isna","country":"Egypt","iso":"EG","rank":7,"pop":100000,"cap":0},"geometry":{"type":"Point","coordinates":[32.5499,25.2904]}},{"type":"Feature","properties":{"name":"Qena","country":"Egypt","iso":"EG","rank":7,"pop":302027,"cap":0},"geometry":{"type":"Point","coordinates":[32.72,26.1505]}},{"type":"Feature","properties":{"name":"Girga","country":"Egypt","iso":"EG","rank":7,"pop":128250,"cap":0},"geometry":{"type":"Point","coordinates":[31.88,26.3304]}},{"type":"Feature","properties":{"name":"Sohag","country":"Egypt","iso":"EG","rank":7,"pop":600000,"cap":0},"geometry":{"type":"Point","coordinates":[31.7,26.5504]}},{"type":"Feature","properties":{"name":"Berenice","country":"Egypt","iso":"EG","rank":7,"pop":10,"cap":0},"geometry":{"type":"Point","coordinates":[35.4842,23.946]}},{"type":"Feature","properties":{"name":"Bur Safaga","country":"Egypt","iso":"EG","rank":7,"pop":32944,"cap":0},"geometry":{"type":"Point","coordinates":[33.9333,26.7337]}},{"type":"Feature","properties":{"name":"El Tur","country":"Egypt","iso":"EG","rank":7,"pop":27628,"cap":0},"geometry":{"type":"Point","coordinates":[33.6148,28.2394]}},{"type":"Feature","properties":{"name":"El Arish","country":"Egypt","iso":"EG","rank":7,"pop":178651,"cap":0},"geometry":{"type":"Point","coordinates":[33.8006,31.1249]}},{"type":"Feature","properties":{"name":"Yangambi","country":"Congo (Kinshasa)","iso":"CD","rank":7,"pop":35531,"cap":0},"geometry":{"type":"Point","coordinates":[24.43,0.7704]}},{"type":"Feature","properties":{"name":"Aketi","country":"Congo (Kinshasa)","iso":"CD","rank":7,"pop":58601,"cap":0},"geometry":{"type":"Point","coordinates":[23.78,2.7405]}},{"type":"Feature","properties":{"name":"Mongbwalu","country":"Congo (Kinshasa)","iso":"CD","rank":7,"pop":2819,"cap":0},"geometry":{"type":"Point","coordinates":[30.0333,1.9504]}},{"type":"Feature","properties":{"name":"Bafwasende","country":"Congo (Kinshasa)","iso":"CD","rank":7,"pop":149,"cap":0},"geometry":{"type":"Point","coordinates":[27.2666,1.0838]}},{"type":"Feature","properties":{"name":"Bunia","country":"Congo (Kinshasa)","iso":"CD","rank":7,"pop":96764,"cap":0},"geometry":{"type":"Point","coordinates":[30.24,1.5604]}},{"type":"Feature","properties":{"name":"Wamba","country":"Congo (Kinshasa)","iso":"CD","rank":7,"pop":146871,"cap":0},"geometry":{"type":"Point","coordinates":[27.99,2.1404]}},{"type":"Feature","properties":{"name":"Basoko","country":"Congo (Kinshasa)","iso":"CD","rank":7,"pop":43709,"cap":0},"geometry":{"type":"Point","coordinates":[23.59,1.2404]}},{"type":"Feature","properties":{"name":"Tessenei","country":"Eritrea","iso":"ER","rank":7,"pop":15255,"cap":0},"geometry":{"type":"Point","coordinates":[36.6575,15.1104]}},{"type":"Feature","properties":{"name":"Agordat","country":"Eritrea","iso":"ER","rank":7,"pop":28600,"cap":0},"geometry":{"type":"Point","coordinates":[37.8867,15.549]}},{"type":"Feature","properties":{"name":"Massawa","country":"Eritrea","iso":"ER","rank":7,"pop":142564,"cap":0},"geometry":{"type":"Point","coordinates":[39.45,15.6101]}},{"type":"Feature","properties":{"name":"Keren","country":"Eritrea","iso":"ER","rank":7,"pop":150000,"cap":0},"geometry":{"type":"Point","coordinates":[38.4544,15.7814]}},{"type":"Feature","properties":{"name":"Mendefera","country":"Eritrea","iso":"ER","rank":7,"pop":257390,"cap":0},"geometry":{"type":"Point","coordinates":[38.8163,14.886]}},{"type":"Feature","properties":{"name":"Ali Sabih","country":"Djibouti","iso":"DJ","rank":7,"pop":40074,"cap":0},"geometry":{"type":"Point","coordinates":[42.7125,11.1562]}},{"type":"Feature","properties":{"name":"Obock","country":"Djibouti","iso":"DJ","rank":7,"pop":17776,"cap":0},"geometry":{"type":"Point","coordinates":[43.2856,11.9734]}},{"type":"Feature","properties":{"name":"Kenge","country":"Congo (Kinshasa)","iso":"CD","rank":7,"pop":241,"cap":0},"geometry":{"type":"Point","coordinates":[16.8999,-4.8296]}},{"type":"Feature","properties":{"name":"Bolobo","country":"Congo (Kinshasa)","iso":"CD","rank":7,"pop":27862,"cap":0},"geometry":{"type":"Point","coordinates":[16.24,-2.1595]}},{"type":"Feature","properties":{"name":"Kahemba","country":"Congo (Kinshasa)","iso":"CD","rank":7,"pop":50000,"cap":0},"geometry":{"type":"Point","coordinates":[19.0,-7.2829]}},{"type":"Feature","properties":{"name":"Bulungu","country":"Congo (Kinshasa)","iso":"CD","rank":7,"pop":48344,"cap":0},"geometry":{"type":"Point","coordinates":[18.6,-4.5496]}},{"type":"Feature","properties":{"name":"Lusanga","country":"Congo (Kinshasa)","iso":"CD","rank":7,"pop":177,"cap":0},"geometry":{"type":"Point","coordinates":[16.5167,-5.5829]}},{"type":"Feature","properties":{"name":"Mangai","country":"Congo (Kinshasa)","iso":"CD","rank":7,"pop":37188,"cap":0},"geometry":{"type":"Point","coordinates":[19.53,-4.0396]}},{"type":"Feature","properties":{"name":"Kasongo-Lunda","country":"Congo (Kinshasa)","iso":"CD","rank":7,"pop":20060,"cap":0},"geometry":{"type":"Point","coordinates":[16.83,-6.4796]}},{"type":"Feature","properties":{"name":"Mushie","country":"Congo (Kinshasa)","iso":"CD","rank":7,"pop":33062,"cap":0},"geometry":{"type":"Point","coordinates":[16.92,-3.0196]}},{"type":"Feature","properties":{"name":"Dibaya","country":"Congo (Kinshasa)","iso":"CD","rank":7,"pop":603,"cap":0},"geometry":{"type":"Point","coordinates":[22.87,-6.5095]}},{"type":"Feature","properties":{"name":"Mweka","country":"Congo (Kinshasa)","iso":"CD","rank":7,"pop":50675,"cap":0},"geometry":{"type":"Point","coordinates":[21.57,-4.8396]}},{"type":"Feature","properties":{"name":"Luebo","country":"Congo (Kinshasa)","iso":"CD","rank":7,"pop":35183,"cap":0},"geometry":{"type":"Point","coordinates":[21.41,-5.3495]}},{"type":"Feature","properties":{"name":"Demba","country":"Congo (Kinshasa)","iso":"CD","rank":7,"pop":22263,"cap":0},"geometry":{"type":"Point","coordinates":[22.26,-5.5096]}},{"type":"Feature","properties":{"name":"Ilebo","country":"Congo (Kinshasa)","iso":"CD","rank":7,"pop":107093,"cap":0},"geometry":{"type":"Point","coordinates":[20.61,-4.3196]}},{"type":"Feature","properties":{"name":"Moanda","country":"Congo (Kinshasa)","iso":"CD","rank":7,"pop":153915,"cap":0},"geometry":{"type":"Point","coordinates":[12.355,-5.9229]}},{"type":"Feature","properties":{"name":"Kimpese","country":"Congo (Kinshasa)","iso":"CD","rank":7,"pop":10578,"cap":0},"geometry":{"type":"Point","coordinates":[14.4333,-5.5496]}},{"type":"Feature","properties":{"name":"Kasangulu","country":"Congo (Kinshasa)","iso":"CD","rank":7,"pop":27961,"cap":0},"geometry":{"type":"Point","coordinates":[15.18,-4.5796]}},{"type":"Feature","properties":{"name":"Mbanza-Ngungu","country":"Congo (Kinshasa)","iso":"CD","rank":7,"pop":197545,"cap":0},"geometry":{"type":"Point","coordinates":[14.86,-5.2496]}},{"type":"Feature","properties":{"name":"Tshela","country":"Congo (Kinshasa)","iso":"CD","rank":7,"pop":38845,"cap":0},"geometry":{"type":"Point","coordinates":[12.93,-4.9696]}},{"type":"Feature","properties":{"name":"Mwenga","country":"Congo (Kinshasa)","iso":"CD","rank":7,"pop":2216,"cap":0},"geometry":{"type":"Point","coordinates":[28.4325,-3.0382]}},{"type":"Feature","properties":{"name":"Kampene","country":"Congo (Kinshasa)","iso":"CD","rank":7,"pop":37034,"cap":0},"geometry":{"type":"Point","coordinates":[26.67,-3.5995]}},{"type":"Feature","properties":{"name":"Kalima","country":"Congo (Kinshasa)","iso":"CD","rank":7,"pop":194,"cap":0},"geometry":{"type":"Point","coordinates":[26.43,-2.5096]}},{"type":"Feature","properties":{"name":"Lubutu","country":"Congo (Kinshasa)","iso":"CD","rank":7,"pop":1313,"cap":0},"geometry":{"type":"Point","coordinates":[26.5833,-0.7329]}},{"type":"Feature","properties":{"name":"Kabinda","country":"Congo (Kinshasa)","iso":"CD","rank":7,"pop":59004,"cap":0},"geometry":{"type":"Point","coordinates":[24.48,-6.1296]}},{"type":"Feature","properties":{"name":"Lubao","country":"Congo (Kinshasa)","iso":"CD","rank":7,"pop":43068,"cap":0},"geometry":{"type":"Point","coordinates":[25.75,-5.3896]}},{"type":"Feature","properties":{"name":"Lusambo","country":"Congo (Kinshasa)","iso":"CD","rank":7,"pop":41416,"cap":0},"geometry":{"type":"Point","coordinates":[23.43,-4.9696]}},{"type":"Feature","properties":{"name":"Gandajika","country":"Congo (Kinshasa)","iso":"CD","rank":7,"pop":154425,"cap":0},"geometry":{"type":"Point","coordinates":[23.96,-6.7396]}},{"type":"Feature","properties":{"name":"Lodja","country":"Congo (Kinshasa)","iso":"CD","rank":7,"pop":68244,"cap":0},"geometry":{"type":"Point","coordinates":[23.5914,-3.5321]}},{"type":"Feature","properties":{"name":"Dilolo","country":"Congo (Kinshasa)","iso":"CD","rank":7,"pop":7854,"cap":0},"geometry":{"type":"Point","coordinates":[22.3333,-10.6996]}},{"type":"Feature","properties":{"name":"Nyunzu","country":"Congo (Kinshasa)","iso":"CD","rank":7,"pop":15397,"cap":0},"geometry":{"type":"Point","coordinates":[28.0167,-5.9496]}},{"type":"Feature","properties":{"name":"Kasaji","country":"Congo (Kinshasa)","iso":"CD","rank":7,"pop":11969,"cap":0},"geometry":{"type":"Point","coordinates":[23.45,-10.3662]}},{"type":"Feature","properties":{"name":"Luanza","country":"Congo (Kinshasa)","iso":"CD","rank":7,"pop":861,"cap":0},"geometry":{"type":"Point","coordinates":[28.7,-8.6996]}},{"type":"Feature","properties":{"name":"Moba","country":"Congo (Kinshasa)","iso":"CD","rank":7,"pop":10006,"cap":0},"geometry":{"type":"Point","coordinates":[29.72,-7.0596]}},{"type":"Feature","properties":{"name":"Bukama","country":"Congo (Kinshasa)","iso":"CD","rank":7,"pop":38770,"cap":0},"geometry":{"type":"Point","coordinates":[25.84,-9.2096]}},{"type":"Feature","properties":{"name":"Kaniama","country":"Congo (Kinshasa)","iso":"CD","rank":7,"pop":36481,"cap":0},"geometry":{"type":"Point","coordinates":[24.17,-7.5696]}},{"type":"Feature","properties":{"name":"Kipushi","country":"Congo (Kinshasa)","iso":"CD","rank":7,"pop":113347,"cap":0},"geometry":{"type":"Point","coordinates":[27.25,-11.7596]}},{"type":"Feature","properties":{"name":"Kambove","country":"Congo (Kinshasa)","iso":"CD","rank":7,"pop":36702,"cap":0},"geometry":{"type":"Point","coordinates":[26.6,-10.8696]}},{"type":"Feature","properties":{"name":"Kongolo","country":"Congo (Kinshasa)","iso":"CD","rank":7,"pop":105202,"cap":0},"geometry":{"type":"Point","coordinates":[26.98,-5.3795]}},{"type":"Feature","properties":{"name":"Kabalo","country":"Congo (Kinshasa)","iso":"CD","rank":7,"pop":29833,"cap":0},"geometry":{"type":"Point","coordinates":[26.91,-6.0496]}},{"type":"Feature","properties":{"name":"Beni","country":"Congo (Kinshasa)","iso":"CD","rank":7,"pop":332903,"cap":0},"geometry":{"type":"Point","coordinates":[29.45,0.4904]}},{"type":"Feature","properties":{"name":"Bansang","country":"The Gambia","iso":"GM","rank":7,"pop":7615,"cap":0},"geometry":{"type":"Point","coordinates":[-14.65,13.4336]}},{"type":"Feature","properties":{"name":"Brikama","country":"The Gambia","iso":"GM","rank":7,"pop":195136,"cap":0},"geometry":{"type":"Point","coordinates":[-16.6599,13.2804]}},{"type":"Feature","properties":{"name":"Tamale","country":"Ghana","iso":"GH","rank":7,"pop":360579,"cap":0},"geometry":{"type":"Point","coordinates":[-0.84,9.4004]}},{"type":"Feature","properties":{"name":"Yendi","country":"Ghana","iso":"GH","rank":7,"pop":42972,"cap":0},"geometry":{"type":"Point","coordinates":[-0.0167,9.4337]}},{"type":"Feature","properties":{"name":"Bolgatanga","country":"Ghana","iso":"GH","rank":7,"pop":82177,"cap":0},"geometry":{"type":"Point","coordinates":[-0.85,10.7904]}},{"type":"Feature","properties":{"name":"Bawku","country":"Ghana","iso":"GH","rank":7,"pop":73594,"cap":0},"geometry":{"type":"Point","coordinates":[-0.24,11.0604]}},{"type":"Feature","properties":{"name":"Wa","country":"Ghana","iso":"GH","rank":7,"pop":78107,"cap":0},"geometry":{"type":"Point","coordinates":[-2.5,10.0604]}},{"type":"Feature","properties":{"name":"Obuasi","country":"Ghana","iso":"GH","rank":7,"pop":180117,"cap":0},"geometry":{"type":"Point","coordinates":[-1.66,6.1904]}},{"type":"Feature","properties":{"name":"Berekum","country":"Ghana","iso":"GH","rank":7,"pop":46287,"cap":0},"geometry":{"type":"Point","coordinates":[-2.59,7.4504]}},{"type":"Feature","properties":{"name":"Winneba","country":"Ghana","iso":"GH","rank":7,"pop":44254,"cap":0},"geometry":{"type":"Point","coordinates":[-0.63,5.3504]}},{"type":"Feature","properties":{"name":"Cape Coast","country":"Ghana","iso":"GH","rank":7,"pop":143015,"cap":0},"geometry":{"type":"Point","coordinates":[-1.25,5.1104]}},{"type":"Feature","properties":{"name":"Nkawkaw","country":"Ghana","iso":"GH","rank":7,"pop":62667,"cap":0},"geometry":{"type":"Point","coordinates":[-0.78,6.5505]}},{"type":"Feature","properties":{"name":"Koforidua","country":"Ghana","iso":"GH","rank":7,"pop":156653,"cap":0},"geometry":{"type":"Point","coordinates":[-0.26,6.0904]}},{"type":"Feature","properties":{"name":"Tema","country":"Ghana","iso":"GH","rank":7,"pop":209000,"cap":0},"geometry":{"type":"Point","coordinates":[0.01,5.6404]}},{"type":"Feature","properties":{"name":"Ho","country":"Ghana","iso":"GH","rank":7,"pop":93044,"cap":0},"geometry":{"type":"Point","coordinates":[0.47,6.6004]}},{"type":"Feature","properties":{"name":"Ewo","country":"Congo (Brazzaville)","iso":"CG","rank":7,"pop":10650,"cap":0},"geometry":{"type":"Point","coordinates":[14.82,-0.8796]}},{"type":"Feature","properties":{"name":"M\u00e9kambo","country":"Gabon","iso":"GA","rank":7,"pop":3170,"cap":0},"geometry":{"type":"Point","coordinates":[13.9333,1.0171]}},{"type":"Feature","properties":{"name":"Makokou","country":"Gabon","iso":"GA","rank":7,"pop":17070,"cap":0},"geometry":{"type":"Point","coordinates":[12.8666,0.5671]}},{"type":"Feature","properties":{"name":"Mitzik","country":"Gabon","iso":"GA","rank":7,"pop":4111,"cap":0},"geometry":{"type":"Point","coordinates":[11.5666,0.7837]}},{"type":"Feature","properties":{"name":"Bitam","country":"Gabon","iso":"GA","rank":7,"pop":17637,"cap":0},"geometry":{"type":"Point","coordinates":[11.4834,2.0837]}},{"type":"Feature","properties":{"name":"Lambar\u00e9n\u00e9","country":"Gabon","iso":"GA","rank":7,"pop":25310,"cap":0},"geometry":{"type":"Point","coordinates":[10.2166,-0.6996]}},{"type":"Feature","properties":{"name":"Bifoum","country":"Gabon","iso":"GA","rank":7,"pop":134,"cap":0},"geometry":{"type":"Point","coordinates":[10.3832,-0.3329]}},{"type":"Feature","properties":{"name":"Ndende","country":"Gabon","iso":"GA","rank":7,"pop":6200,"cap":0},"geometry":{"type":"Point","coordinates":[11.3833,-2.3829]}},{"type":"Feature","properties":{"name":"Mouila","country":"Gabon","iso":"GA","rank":7,"pop":28000,"cap":0},"geometry":{"type":"Point","coordinates":[11.0167,-1.8662]}},{"type":"Feature","properties":{"name":"Ombou\u00e9","country":"Gabon","iso":"GA","rank":7,"pop":1667,"cap":0},"geometry":{"type":"Point","coordinates":[9.25,-1.5662]}},{"type":"Feature","properties":{"name":"Moanda","country":"Gabon","iso":"GA","rank":7,"pop":30151,"cap":0},"geometry":{"type":"Point","coordinates":[13.2,-1.5655]}},{"type":"Feature","properties":{"name":"Okandja","country":"Gabon","iso":"GA","rank":7,"pop":7155,"cap":0},"geometry":{"type":"Point","coordinates":[13.6795,-0.6568]}},{"type":"Feature","properties":{"name":"Koulamoutou","country":"Gabon","iso":"GA","rank":7,"pop":16222,"cap":0},"geometry":{"type":"Point","coordinates":[12.4833,-1.1329]}},{"type":"Feature","properties":{"name":"Impfondo","country":"Congo (Brazzaville)","iso":"CG","rank":7,"pop":20859,"cap":0},"geometry":{"type":"Point","coordinates":[18.04,1.6404]}},{"type":"Feature","properties":{"name":"Sembe","country":"Congo (Brazzaville)","iso":"CG","rank":7,"pop":9679,"cap":0},"geometry":{"type":"Point","coordinates":[14.58,1.6404]}},{"type":"Feature","properties":{"name":"Moloundou","country":"Congo (Brazzaville)","iso":"CG","rank":7,"pop":12244,"cap":0},"geometry":{"type":"Point","coordinates":[15.2167,2.0337]}},{"type":"Feature","properties":{"name":"Debre Birhan","country":"Ethiopia","iso":"ET","rank":7,"pop":65231,"cap":0},"geometry":{"type":"Point","coordinates":[39.53,9.6804]}},{"type":"Feature","properties":{"name":"Bati","country":"Ethiopia","iso":"ET","rank":7,"pop":19260,"cap":0},"geometry":{"type":"Point","coordinates":[40.0166,11.1837]}},{"type":"Feature","properties":{"name":"Adigrat","country":"Ethiopia","iso":"ET","rank":7,"pop":104021,"cap":0},"geometry":{"type":"Point","coordinates":[39.47,14.2804]}},{"type":"Feature","properties":{"name":"Aksum","country":"Ethiopia","iso":"ET","rank":7,"pop":47487,"cap":0},"geometry":{"type":"Point","coordinates":[38.72,14.1304]}},{"type":"Feature","properties":{"name":"Yirga Alem","country":"Ethiopia","iso":"ET","rank":7,"pop":36292,"cap":0},"geometry":{"type":"Point","coordinates":[38.41,6.7504]}},{"type":"Feature","properties":{"name":"Hosaina","country":"Ethiopia","iso":"ET","rank":7,"pop":89300,"cap":0},"geometry":{"type":"Point","coordinates":[37.85,7.5504]}},{"type":"Feature","properties":{"name":"Dila","country":"Ethiopia","iso":"ET","rank":7,"pop":47021,"cap":0},"geometry":{"type":"Point","coordinates":[38.31,6.4104]}},{"type":"Feature","properties":{"name":"Giyon","country":"Ethiopia","iso":"ET","rank":7,"pop":114534,"cap":0},"geometry":{"type":"Point","coordinates":[37.97,8.5304]}},{"type":"Feature","properties":{"name":"Hagere Hiywet","country":"Ethiopia","iso":"ET","rank":7,"pop":43920,"cap":0},"geometry":{"type":"Point","coordinates":[37.85,8.9804]}},{"type":"Feature","properties":{"name":"Nekemte","country":"Ethiopia","iso":"ET","rank":7,"pop":73018,"cap":0},"geometry":{"type":"Point","coordinates":[36.53,9.0905]}},{"type":"Feature","properties":{"name":"Asela","country":"Ethiopia","iso":"ET","rank":7,"pop":82240,"cap":0},"geometry":{"type":"Point","coordinates":[39.1399,7.9504]}},{"type":"Feature","properties":{"name":"Shashemene","country":"Ethiopia","iso":"ET","rank":7,"pop":114350,"cap":0},"geometry":{"type":"Point","coordinates":[38.59,7.2004]}},{"type":"Feature","properties":{"name":"Dembi Dolo","country":"Ethiopia","iso":"ET","rank":7,"pop":27780,"cap":0},"geometry":{"type":"Point","coordinates":[34.8,8.5337]}},{"type":"Feature","properties":{"name":"Gimbi","country":"Ethiopia","iso":"ET","rank":7,"pop":31809,"cap":0},"geometry":{"type":"Point","coordinates":[35.8333,9.167]}},{"type":"Feature","properties":{"name":"Asosa","country":"Ethiopia","iso":"ET","rank":7,"pop":30512,"cap":0},"geometry":{"type":"Point","coordinates":[34.5333,10.067]}},{"type":"Feature","properties":{"name":"Jijiga","country":"Ethiopia","iso":"ET","rank":7,"pop":56821,"cap":0},"geometry":{"type":"Point","coordinates":[42.79,9.3504]}},{"type":"Feature","properties":{"name":"Owando","country":"Congo (Brazzaville)","iso":"CG","rank":7,"pop":34070,"cap":0},"geometry":{"type":"Point","coordinates":[15.92,-0.4796]}},{"type":"Feature","properties":{"name":"Makoua","country":"Congo (Brazzaville)","iso":"CG","rank":7,"pop":11355,"cap":0},"geometry":{"type":"Point","coordinates":[15.64,-0.0096]}},{"type":"Feature","properties":{"name":"Sibiti","country":"Congo (Brazzaville)","iso":"CG","rank":7,"pop":22811,"cap":0},"geometry":{"type":"Point","coordinates":[13.35,-3.6896]}},{"type":"Feature","properties":{"name":"Mossendjo","country":"Congo (Brazzaville)","iso":"CG","rank":7,"pop":30936,"cap":0},"geometry":{"type":"Point","coordinates":[12.72,-2.9396]}},{"type":"Feature","properties":{"name":"Loubomo","country":"Congo (Brazzaville)","iso":"CG","rank":7,"pop":103894,"cap":0},"geometry":{"type":"Point","coordinates":[12.67,-4.1796]}},{"type":"Feature","properties":{"name":"Gamboma","country":"Congo (Brazzaville)","iso":"CG","rank":7,"pop":20877,"cap":0},"geometry":{"type":"Point","coordinates":[15.85,-1.8795]}},{"type":"Feature","properties":{"name":"Djambala","country":"Congo (Brazzaville)","iso":"CG","rank":7,"pop":9651,"cap":0},"geometry":{"type":"Point","coordinates":[14.75,-2.5396]}},{"type":"Feature","properties":{"name":"Ferkess\u00e9dougou","country":"Ivory Coast","iso":"CI","rank":7,"pop":62008,"cap":0},"geometry":{"type":"Point","coordinates":[-5.2,9.6004]}},{"type":"Feature","properties":{"name":"K\u00e9rouan\u00e9","country":"Guinea","iso":"GN","rank":7,"pop":15406,"cap":0},"geometry":{"type":"Point","coordinates":[-9.02,9.2704]}},{"type":"Feature","properties":{"name":"Siguiri","country":"Guinea","iso":"GN","rank":7,"pop":50159,"cap":0},"geometry":{"type":"Point","coordinates":[-9.1666,11.4171]}},{"type":"Feature","properties":{"name":"Mamou","country":"Guinea","iso":"GN","rank":7,"pop":71153,"cap":0},"geometry":{"type":"Point","coordinates":[-12.1,10.3804]}},{"type":"Feature","properties":{"name":"Kamsar","country":"Guinea","iso":"GN","rank":7,"pop":34973,"cap":0},"geometry":{"type":"Point","coordinates":[-14.605,10.6854]}},{"type":"Feature","properties":{"name":"Fria","country":"Guinea","iso":"GN","rank":7,"pop":23729,"cap":0},"geometry":{"type":"Point","coordinates":[-13.55,10.3804]}},{"type":"Feature","properties":{"name":"Odienn\u00e9","country":"Ivory Coast","iso":"CI","rank":7,"pop":49857,"cap":0},"geometry":{"type":"Point","coordinates":[-7.58,9.5104]}},{"type":"Feature","properties":{"name":"Macenta","country":"Guinea","iso":"GN","rank":7,"pop":43102,"cap":0},"geometry":{"type":"Point","coordinates":[-9.48,8.5504]}},{"type":"Feature","properties":{"name":"Yomou","country":"Guinea","iso":"GN","rank":7,"pop":3614,"cap":0},"geometry":{"type":"Point","coordinates":[-9.27,7.5704]}},{"type":"Feature","properties":{"name":"Faranah","country":"Guinea","iso":"GN","rank":7,"pop":19469,"cap":0},"geometry":{"type":"Point","coordinates":[-10.75,10.0404]}},{"type":"Feature","properties":{"name":"Kissidougou","country":"Guinea","iso":"GN","rank":7,"pop":66815,"cap":0},"geometry":{"type":"Point","coordinates":[-10.12,9.1905]}},{"type":"Feature","properties":{"name":"Man","country":"Ivory Coast","iso":"CI","rank":7,"pop":146974,"cap":0},"geometry":{"type":"Point","coordinates":[-7.55,7.4004]}},{"type":"Feature","properties":{"name":"S\u00e9gu\u00e9la","country":"Ivory Coast","iso":"CI","rank":7,"pop":51157,"cap":0},"geometry":{"type":"Point","coordinates":[-6.67,7.9504]}},{"type":"Feature","properties":{"name":"Gagnoa","country":"Ivory Coast","iso":"CI","rank":7,"pop":123184,"cap":0},"geometry":{"type":"Point","coordinates":[-5.88,6.1504]}},{"type":"Feature","properties":{"name":"Soubr\u00e9","country":"Ivory Coast","iso":"CI","rank":7,"pop":108933,"cap":0},"geometry":{"type":"Point","coordinates":[-6.61,5.7904]}},{"type":"Feature","properties":{"name":"San-Pedro","country":"Ivory Coast","iso":"CI","rank":7,"pop":210273,"cap":0},"geometry":{"type":"Point","coordinates":[-6.64,4.7704]}},{"type":"Feature","properties":{"name":"Sassandra","country":"Ivory Coast","iso":"CI","rank":7,"pop":38411,"cap":0},"geometry":{"type":"Point","coordinates":[-6.0833,4.9504]}},{"type":"Feature","properties":{"name":"Bondoukou","country":"Ivory Coast","iso":"CI","rank":7,"pop":58297,"cap":0},"geometry":{"type":"Point","coordinates":[-2.8,8.0304]}},{"type":"Feature","properties":{"name":"Agboville","country":"Ivory Coast","iso":"CI","rank":7,"pop":81770,"cap":0},"geometry":{"type":"Point","coordinates":[-4.28,5.9403]}},{"type":"Feature","properties":{"name":"Dimbokro","country":"Ivory Coast","iso":"CI","rank":7,"pop":67349,"cap":0},"geometry":{"type":"Point","coordinates":[-4.71,6.6505]}},{"type":"Feature","properties":{"name":"Grand Bassam","country":"Ivory Coast","iso":"CI","rank":7,"pop":73772,"cap":0},"geometry":{"type":"Point","coordinates":[-3.75,5.2004]}},{"type":"Feature","properties":{"name":"Dabou","country":"Ivory Coast","iso":"CI","rank":7,"pop":72913,"cap":0},"geometry":{"type":"Point","coordinates":[-4.3899,5.3204]}},{"type":"Feature","properties":{"name":"Guiglo","country":"Ivory Coast","iso":"CI","rank":7,"pop":39134,"cap":0},"geometry":{"type":"Point","coordinates":[-7.49,6.5505]}},{"type":"Feature","properties":{"name":"Abengourou","country":"Ivory Coast","iso":"CI","rank":7,"pop":104020,"cap":0},"geometry":{"type":"Point","coordinates":[-3.49,6.7304]}},{"type":"Feature","properties":{"name":"Bafang","country":"Cameroon","iso":"CM","rank":7,"pop":93145,"cap":0},"geometry":{"type":"Point","coordinates":[10.18,5.1704]}},{"type":"Feature","properties":{"name":"Foumban","country":"Cameroon","iso":"CM","rank":7,"pop":92673,"cap":0},"geometry":{"type":"Point","coordinates":[10.9,5.7304]}},{"type":"Feature","properties":{"name":"Bafoussam","country":"Cameroon","iso":"CM","rank":7,"pop":290768,"cap":0},"geometry":{"type":"Point","coordinates":[10.4099,5.4904]}},{"type":"Feature","properties":{"name":"Kumba","country":"Cameroon","iso":"CM","rank":7,"pop":144413,"cap":0},"geometry":{"type":"Point","coordinates":[9.44,4.6404]}},{"type":"Feature","properties":{"name":"Eyumojok","country":"Cameroon","iso":"CM","rank":7,"pop":5798,"cap":0},"geometry":{"type":"Point","coordinates":[8.9833,5.7504]}},{"type":"Feature","properties":{"name":"Limbe","country":"Cameroon","iso":"CM","rank":7,"pop":212474,"cap":0},"geometry":{"type":"Point","coordinates":[9.19,4.0304]}},{"type":"Feature","properties":{"name":"Nola","country":"Central African Republic","iso":"CF","rank":7,"pop":26809,"cap":0},"geometry":{"type":"Point","coordinates":[16.0666,3.5337]}},{"type":"Feature","properties":{"name":"Kribi","country":"Cameroon","iso":"CM","rank":7,"pop":55224,"cap":0},"geometry":{"type":"Point","coordinates":[9.91,2.9404]}},{"type":"Feature","properties":{"name":"Sibut","country":"Central African Republic","iso":"CF","rank":7,"pop":34267,"cap":0},"geometry":{"type":"Point","coordinates":[19.0833,5.7338]}},{"type":"Feature","properties":{"name":"Bossangoa","country":"Central African Republic","iso":"CF","rank":7,"pop":63064,"cap":0},"geometry":{"type":"Point","coordinates":[17.45,6.4837]}},{"type":"Feature","properties":{"name":"Birao","country":"Central African Republic","iso":"CF","rank":7,"pop":10178,"cap":0},"geometry":{"type":"Point","coordinates":[22.7833,10.2837]}},{"type":"Feature","properties":{"name":"Ouadda","country":"Central African Republic","iso":"CF","rank":7,"pop":5434,"cap":0},"geometry":{"type":"Point","coordinates":[22.4,8.0671]}},{"type":"Feature","properties":{"name":"Bangassou","country":"Central African Republic","iso":"CF","rank":7,"pop":32841,"cap":0},"geometry":{"type":"Point","coordinates":[22.8166,4.7338]}},{"type":"Feature","properties":{"name":"Ghanzi","country":"Botswana","iso":"BW","rank":7,"pop":6306,"cap":0},"geometry":{"type":"Point","coordinates":[21.64,-21.6996]}},{"type":"Feature","properties":{"name":"Bossemb\u00e9l\u00e9","country":"Central African Republic","iso":"CF","rank":7,"pop":7287,"cap":0},"geometry":{"type":"Point","coordinates":[17.65,5.267]}},{"type":"Feature","properties":{"name":"Nkongsamba","country":"Cameroon","iso":"CM","rank":7,"pop":117063,"cap":0},"geometry":{"type":"Point","coordinates":[9.94,4.9604]}},{"type":"Feature","properties":{"name":"Ed\u00e9a","country":"Cameroon","iso":"CM","rank":7,"pop":203149,"cap":0},"geometry":{"type":"Point","coordinates":[10.12,3.8005]}},{"type":"Feature","properties":{"name":"Wum","country":"Cameroon","iso":"CM","rank":7,"pop":68836,"cap":0},"geometry":{"type":"Point","coordinates":[10.07,6.4004]}},{"type":"Feature","properties":{"name":"Kumbo","country":"Cameroon","iso":"CM","rank":7,"pop":125486,"cap":0},"geometry":{"type":"Point","coordinates":[10.68,6.2204]}},{"type":"Feature","properties":{"name":"Bafia","country":"Cameroon","iso":"CM","rank":7,"pop":69270,"cap":0},"geometry":{"type":"Point","coordinates":[11.23,4.7504]}},{"type":"Feature","properties":{"name":"Mbalmayo","country":"Cameroon","iso":"CM","rank":7,"pop":80206,"cap":0},"geometry":{"type":"Point","coordinates":[11.5,3.5204]}},{"type":"Feature","properties":{"name":"Es\u00e9ka","country":"Cameroon","iso":"CM","rank":7,"pop":22221,"cap":0},"geometry":{"type":"Point","coordinates":[10.7666,3.6504]}},{"type":"Feature","properties":{"name":"Bertoua","country":"Cameroon","iso":"CM","rank":7,"pop":218111,"cap":0},"geometry":{"type":"Point","coordinates":[13.68,4.5804]}},{"type":"Feature","properties":{"name":"Abong Mbang","country":"Cameroon","iso":"CM","rank":7,"pop":14661,"cap":0},"geometry":{"type":"Point","coordinates":[13.1833,3.9837]}},{"type":"Feature","properties":{"name":"Batouri","country":"Cameroon","iso":"CM","rank":7,"pop":43821,"cap":0},"geometry":{"type":"Point","coordinates":[14.3666,4.4337]}},{"type":"Feature","properties":{"name":"B\u00e9labo","country":"Cameroon","iso":"CM","rank":7,"pop":22553,"cap":0},"geometry":{"type":"Point","coordinates":[13.3,4.9337]}},{"type":"Feature","properties":{"name":"Meiganga","country":"Cameroon","iso":"CM","rank":7,"pop":80100,"cap":0},"geometry":{"type":"Point","coordinates":[14.29,6.5205]}},{"type":"Feature","properties":{"name":"Ngaound\u00e9r\u00e9","country":"Cameroon","iso":"CM","rank":7,"pop":231357,"cap":0},"geometry":{"type":"Point","coordinates":[13.58,7.3204]}},{"type":"Feature","properties":{"name":"Tibati","country":"Cameroon","iso":"CM","rank":7,"pop":35589,"cap":0},"geometry":{"type":"Point","coordinates":[12.6333,6.467]}},{"type":"Feature","properties":{"name":"Kontcha","country":"Cameroon","iso":"CM","rank":7,"pop":8018,"cap":0},"geometry":{"type":"Point","coordinates":[12.2333,7.967]}},{"type":"Feature","properties":{"name":"Guider","country":"Cameroon","iso":"CM","rank":7,"pop":84647,"cap":0},"geometry":{"type":"Point","coordinates":[13.94,9.9304]}},{"type":"Feature","properties":{"name":"Mbe","country":"Cameroon","iso":"CM","rank":7,"pop":3950,"cap":0},"geometry":{"type":"Point","coordinates":[13.6,7.8504]}},{"type":"Feature","properties":{"name":"Lucapa","country":"Angola","iso":"AO","rank":7,"pop":31041,"cap":0},"geometry":{"type":"Point","coordinates":[20.74,-8.4196]}},{"type":"Feature","properties":{"name":"Capenda-Camulemba","country":"Angola","iso":"AO","rank":7,"pop":80000,"cap":0},"geometry":{"type":"Point","coordinates":[18.43,-9.4196]}},{"type":"Feature","properties":{"name":"Saurimo","country":"Angola","iso":"AO","rank":7,"pop":41316,"cap":0},"geometry":{"type":"Point","coordinates":[20.39,-9.6596]}},{"type":"Feature","properties":{"name":"Muconda","country":"Angola","iso":"AO","rank":7,"pop":2324,"cap":0},"geometry":{"type":"Point","coordinates":[21.32,-10.5996]}},{"type":"Feature","properties":{"name":"Cacolo","country":"Angola","iso":"AO","rank":7,"pop":984,"cap":0},"geometry":{"type":"Point","coordinates":[19.26,-10.1496]}},{"type":"Feature","properties":{"name":"Caxito","country":"Angola","iso":"AO","rank":7,"pop":28224,"cap":0},"geometry":{"type":"Point","coordinates":[13.66,-8.5795]}},{"type":"Feature","properties":{"name":"Camabatela","country":"Angola","iso":"AO","rank":7,"pop":12837,"cap":0},"geometry":{"type":"Point","coordinates":[15.37,-8.1896]}},{"type":"Feature","properties":{"name":"Ndalatando","country":"Angola","iso":"AO","rank":7,"pop":8144,"cap":0},"geometry":{"type":"Point","coordinates":[14.91,-9.2995]}},{"type":"Feature","properties":{"name":"Quibala","country":"Angola","iso":"AO","rank":7,"pop":8915,"cap":0},"geometry":{"type":"Point","coordinates":[14.98,-10.7296]}},{"type":"Feature","properties":{"name":"Calulo","country":"Angola","iso":"AO","rank":7,"pop":795,"cap":0},"geometry":{"type":"Point","coordinates":[14.9,-9.9996]}},{"type":"Feature","properties":{"name":"Waku Kungo","country":"Angola","iso":"AO","rank":7,"pop":12069,"cap":0},"geometry":{"type":"Point","coordinates":[15.12,-11.3595]}},{"type":"Feature","properties":{"name":"Songo","country":"Angola","iso":"AO","rank":7,"pop":10579,"cap":0},"geometry":{"type":"Point","coordinates":[14.85,-7.3496]}},{"type":"Feature","properties":{"name":"Mbanza-Congo","country":"Angola","iso":"AO","rank":7,"pop":60182,"cap":0},"geometry":{"type":"Point","coordinates":[14.24,-6.2696]}},{"type":"Feature","properties":{"name":"Nzeto","country":"Angola","iso":"AO","rank":7,"pop":21059,"cap":0},"geometry":{"type":"Point","coordinates":[12.86,-7.2296]}},{"type":"Feature","properties":{"name":"Soyo","country":"Angola","iso":"AO","rank":7,"pop":67491,"cap":0},"geometry":{"type":"Point","coordinates":[12.37,-6.1296]}},{"type":"Feature","properties":{"name":"Cabinda","country":"Angola","iso":"AO","rank":7,"pop":91791,"cap":0},"geometry":{"type":"Point","coordinates":[12.19,-5.5596]}},{"type":"Feature","properties":{"name":"Calucinga","country":"Angola","iso":"AO","rank":7,"pop":531,"cap":0},"geometry":{"type":"Point","coordinates":[16.2,-11.3196]}},{"type":"Feature","properties":{"name":"Camacupa","country":"Angola","iso":"AO","rank":7,"pop":19828,"cap":0},"geometry":{"type":"Point","coordinates":[17.47,-12.0196]}},{"type":"Feature","properties":{"name":"Cubal","country":"Angola","iso":"AO","rank":7,"pop":4837,"cap":0},"geometry":{"type":"Point","coordinates":[14.24,-13.0396]}},{"type":"Feature","properties":{"name":"Mavinga","country":"Angola","iso":"AO","rank":7,"pop":30000,"cap":0},"geometry":{"type":"Point","coordinates":[20.36,-15.7895]}},{"type":"Feature","properties":{"name":"Cuito Caunavale","country":"Angola","iso":"AO","rank":7,"pop":149,"cap":0},"geometry":{"type":"Point","coordinates":[19.17,-15.1596]}},{"type":"Feature","properties":{"name":"Luiana","country":"Angola","iso":"AO","rank":7,"pop":150,"cap":0},"geometry":{"type":"Point","coordinates":[23.0,-17.3695]}},{"type":"Feature","properties":{"name":"Ondjiva","country":"Angola","iso":"AO","rank":7,"pop":10169,"cap":0},"geometry":{"type":"Point","coordinates":[15.73,-17.0696]}},{"type":"Feature","properties":{"name":"Chitado","country":"Angola","iso":"AO","rank":7,"pop":500,"cap":0},"geometry":{"type":"Point","coordinates":[13.92,-17.3196]}},{"type":"Feature","properties":{"name":"Chibemba","country":"Angola","iso":"AO","rank":7,"pop":1502,"cap":0},"geometry":{"type":"Point","coordinates":[14.08,-15.7496]}},{"type":"Feature","properties":{"name":"Chibia","country":"Angola","iso":"AO","rank":7,"pop":1411,"cap":0},"geometry":{"type":"Point","coordinates":[13.69,-15.1896]}},{"type":"Feature","properties":{"name":"Quipungo","country":"Angola","iso":"AO","rank":7,"pop":186,"cap":0},"geometry":{"type":"Point","coordinates":[14.55,-14.8295]}},{"type":"Feature","properties":{"name":"Luau","country":"Angola","iso":"AO","rank":7,"pop":18465,"cap":0},"geometry":{"type":"Point","coordinates":[22.23,-10.7095]}},{"type":"Feature","properties":{"name":"Cangamba","country":"Angola","iso":"AO","rank":7,"pop":1307,"cap":0},"geometry":{"type":"Point","coordinates":[19.86,-13.6996]}},{"type":"Feature","properties":{"name":"Lumbala Nguimbo","country":"Angola","iso":"AO","rank":7,"pop":25,"cap":0},"geometry":{"type":"Point","coordinates":[21.44,-14.0996]}},{"type":"Feature","properties":{"name":"Cazombo","country":"Angola","iso":"AO","rank":7,"pop":298,"cap":0},"geometry":{"type":"Point","coordinates":[22.9,-11.8896]}},{"type":"Feature","properties":{"name":"Timimoun","country":"Algeria","iso":"DZ","rank":7,"pop":49237,"cap":0},"geometry":{"type":"Point","coordinates":[0.27,29.2365]}},{"type":"Feature","properties":{"name":"Sidi bel Abbes","country":"Algeria","iso":"DZ","rank":7,"pop":208604,"cap":0},"geometry":{"type":"Point","coordinates":[-0.64,35.1903]}},{"type":"Feature","properties":{"name":"Tlimcen","country":"Algeria","iso":"DZ","rank":7,"pop":229777,"cap":0},"geometry":{"type":"Point","coordinates":[-1.32,34.8904]}},{"type":"Feature","properties":{"name":"B\u00e9ni Ounif","country":"Algeria","iso":"DZ","rank":7,"pop":5628,"cap":0},"geometry":{"type":"Point","coordinates":[-1.2514,32.0493]}},{"type":"Feature","properties":{"name":"Abadla","country":"Algeria","iso":"DZ","rank":7,"pop":14364,"cap":0},"geometry":{"type":"Point","coordinates":[-2.7333,31.0171]}},{"type":"Feature","properties":{"name":"Sefra","country":"Algeria","iso":"DZ","rank":7,"pop":63420,"cap":0},"geometry":{"type":"Point","coordinates":[-0.5799,32.7604]}},{"type":"Feature","properties":{"name":"Skikda","country":"Algeria","iso":"DZ","rank":7,"pop":225181,"cap":0},"geometry":{"type":"Point","coordinates":[6.9,36.8804]}},{"type":"Feature","properties":{"name":"Kandi","country":"Benin","iso":"BJ","rank":7,"pop":109701,"cap":0},"geometry":{"type":"Point","coordinates":[2.94,11.1304]}},{"type":"Feature","properties":{"name":"Ouidah","country":"Benin","iso":"BJ","rank":7,"pop":83503,"cap":0},"geometry":{"type":"Point","coordinates":[2.09,6.3604]}},{"type":"Feature","properties":{"name":"Abomey","country":"Benin","iso":"BJ","rank":7,"pop":82154,"cap":0},"geometry":{"type":"Point","coordinates":[1.99,7.1904]}},{"type":"Feature","properties":{"name":"Natitingou","country":"Benin","iso":"BJ","rank":7,"pop":80892,"cap":0},"geometry":{"type":"Point","coordinates":[1.39,10.3204]}},{"type":"Feature","properties":{"name":"Djougou","country":"Benin","iso":"BJ","rank":7,"pop":202810,"cap":0},"geometry":{"type":"Point","coordinates":[1.68,9.7004]}},{"type":"Feature","properties":{"name":"Djanet","country":"Algeria","iso":"DZ","rank":7,"pop":666,"cap":0},"geometry":{"type":"Point","coordinates":[9.4823,24.5529]}},{"type":"Feature","properties":{"name":"I-n-Amenas","country":"Algeria","iso":"DZ","rank":7,"pop":216,"cap":0},"geometry":{"type":"Point","coordinates":[9.55,28.0503]}},{"type":"Feature","properties":{"name":"In Amguel","country":"Algeria","iso":"DZ","rank":7,"pop":3030,"cap":0},"geometry":{"type":"Point","coordinates":[5.1647,23.6939]}},{"type":"Feature","properties":{"name":"El Bayadh","country":"Algeria","iso":"DZ","rank":7,"pop":67413,"cap":0},"geometry":{"type":"Point","coordinates":[1.01,33.6904]}},{"type":"Feature","properties":{"name":"El Oued","country":"Algeria","iso":"DZ","rank":7,"pop":177497,"cap":0},"geometry":{"type":"Point","coordinates":[6.86,33.3704]}},{"type":"Feature","properties":{"name":"Hassi Messaoud","country":"Algeria","iso":"DZ","rank":7,"pop":18124,"cap":0},"geometry":{"type":"Point","coordinates":[6.0545,31.7023]}},{"type":"Feature","properties":{"name":"Chlef","country":"Algeria","iso":"DZ","rank":7,"pop":449167,"cap":0},"geometry":{"type":"Point","coordinates":[1.32,36.1704]}},{"type":"Feature","properties":{"name":"Mascara","country":"Algeria","iso":"DZ","rank":7,"pop":108230,"cap":0},"geometry":{"type":"Point","coordinates":[0.14,35.4004]}},{"type":"Feature","properties":{"name":"Mostaganem","country":"Algeria","iso":"DZ","rank":7,"pop":188354,"cap":0},"geometry":{"type":"Point","coordinates":[0.09,35.9404]}},{"type":"Feature","properties":{"name":"Sa\u00efda","country":"Algeria","iso":"DZ","rank":7,"pop":142213,"cap":0},"geometry":{"type":"Point","coordinates":[0.14,34.8404]}},{"type":"Feature","properties":{"name":"Tiarat","country":"Algeria","iso":"DZ","rank":7,"pop":184195,"cap":0},"geometry":{"type":"Point","coordinates":[1.32,35.3804]}},{"type":"Feature","properties":{"name":"B\u00e9ja\u00efa","country":"Algeria","iso":"DZ","rank":7,"pop":384937,"cap":0},"geometry":{"type":"Point","coordinates":[5.07,36.7604]}},{"type":"Feature","properties":{"name":"Blida","country":"Algeria","iso":"DZ","rank":7,"pop":511348,"cap":0},"geometry":{"type":"Point","coordinates":[2.83,36.4203]}},{"type":"Feature","properties":{"name":"Bou\u00efra","country":"Algeria","iso":"DZ","rank":7,"pop":110144,"cap":0},"geometry":{"type":"Point","coordinates":[3.9,36.3805]}},{"type":"Feature","properties":{"name":"M\u00e9d\u00e9a","country":"Algeria","iso":"DZ","rank":7,"pop":147707,"cap":0},"geometry":{"type":"Point","coordinates":[2.77,36.2704]}},{"type":"Feature","properties":{"name":"Souk Ahras","country":"Algeria","iso":"DZ","rank":7,"pop":134947,"cap":0},"geometry":{"type":"Point","coordinates":[7.95,36.2904]}},{"type":"Feature","properties":{"name":"T\u00e9bessa","country":"Algeria","iso":"DZ","rank":7,"pop":171742,"cap":0},"geometry":{"type":"Point","coordinates":[8.12,35.4104]}},{"type":"Feature","properties":{"name":"Lokhwabe","country":"Botswana","iso":"BW","rank":7,"pop":1473,"cap":0},"geometry":{"type":"Point","coordinates":[21.83,-24.1696]}},{"type":"Feature","properties":{"name":"Lehututu","country":"Botswana","iso":"BW","rank":7,"pop":1942,"cap":0},"geometry":{"type":"Point","coordinates":[21.87,-23.9696]}},{"type":"Feature","properties":{"name":"Tshabong","country":"Botswana","iso":"BW","rank":7,"pop":9679,"cap":0},"geometry":{"type":"Point","coordinates":[22.4,-26.0095]}},{"type":"Feature","properties":{"name":"Tsau","country":"Botswana","iso":"BW","rank":7,"pop":1409,"cap":0},"geometry":{"type":"Point","coordinates":[22.46,-20.1596]}},{"type":"Feature","properties":{"name":"Nokaneng","country":"Botswana","iso":"BW","rank":7,"pop":1763,"cap":0},"geometry":{"type":"Point","coordinates":[22.27,-19.6696]}},{"type":"Feature","properties":{"name":"Mohembo","country":"Botswana","iso":"BW","rank":7,"pop":757,"cap":0},"geometry":{"type":"Point","coordinates":[21.8,-18.2996]}},{"type":"Feature","properties":{"name":"Maun","country":"Botswana","iso":"BW","rank":7,"pop":49945,"cap":0},"geometry":{"type":"Point","coordinates":[23.42,-19.9896]}},{"type":"Feature","properties":{"name":"Kasane","country":"Botswana","iso":"BW","rank":7,"pop":9250,"cap":0},"geometry":{"type":"Point","coordinates":[25.15,-17.8096]}},{"type":"Feature","properties":{"name":"Nata","country":"Botswana","iso":"BW","rank":7,"pop":4794,"cap":0},"geometry":{"type":"Point","coordinates":[26.19,-20.2095]}},{"type":"Feature","properties":{"name":"Mopipi","country":"Botswana","iso":"BW","rank":7,"pop":3301,"cap":0},"geometry":{"type":"Point","coordinates":[24.88,-21.1795]}},{"type":"Feature","properties":{"name":"Palapye","country":"Botswana","iso":"BW","rank":7,"pop":30650,"cap":0},"geometry":{"type":"Point","coordinates":[27.13,-22.5596]}},{"type":"Feature","properties":{"name":"Bururi","country":"Burundi","iso":"BI","rank":7,"pop":20393,"cap":0},"geometry":{"type":"Point","coordinates":[29.6166,-3.9507]}},{"type":"Feature","properties":{"name":"Muyinga","country":"Burundi","iso":"BI","rank":7,"pop":71076,"cap":0},"geometry":{"type":"Point","coordinates":[30.3173,-2.8523]}},{"type":"Feature","properties":{"name":"Lobatse","country":"Botswana","iso":"BW","rank":7,"pop":69804,"cap":0},"geometry":{"type":"Point","coordinates":[25.68,-25.2196]}},{"type":"Feature","properties":{"name":"Kanye","country":"Botswana","iso":"BW","rank":7,"pop":46831,"cap":0},"geometry":{"type":"Point","coordinates":[25.34,-24.9696]}},{"type":"Feature","properties":{"name":"Koudougou","country":"Burkina Faso","iso":"BF","rank":7,"pop":87347,"cap":0},"geometry":{"type":"Point","coordinates":[-2.37,12.2505]}},{"type":"Feature","properties":{"name":"Ouahigouya","country":"Burkina Faso","iso":"BF","rank":7,"pop":79504,"cap":0},"geometry":{"type":"Point","coordinates":[-2.42,13.5704]}},{"type":"Feature","properties":{"name":"Kaya","country":"Burkina Faso","iso":"BF","rank":7,"pop":40017,"cap":0},"geometry":{"type":"Point","coordinates":[-1.09,13.0904]}},{"type":"Feature","properties":{"name":"Tenkodogo","country":"Burkina Faso","iso":"BF","rank":7,"pop":38108,"cap":0},"geometry":{"type":"Point","coordinates":[-0.3697,11.7804]}},{"type":"Feature","properties":{"name":"Banfora","country":"Burkina Faso","iso":"BF","rank":7,"pop":60288,"cap":0},"geometry":{"type":"Point","coordinates":[-4.76,10.6304]}},{"type":"Feature","properties":{"name":"Gitega","country":"Burundi","iso":"BI","rank":7,"pop":23167,"cap":0},"geometry":{"type":"Point","coordinates":[29.8436,-3.426]}},{"type":"Feature","properties":{"name":"Curepipe","country":"Mauritius","iso":"MU","rank":7,"pop":299975,"cap":0},"geometry":{"type":"Point","coordinates":[57.5166,-20.3162]}},{"type":"Feature","properties":{"name":"Mindelo","country":"Cape Verde","iso":"CV","rank":7,"pop":70611,"cap":0},"geometry":{"type":"Point","coordinates":[-25.0,16.8838]}},{"type":"Feature","properties":{"name":"Lobamba","country":"eSwatini","iso":"SZ","rank":6,"pop":9782,"cap":0},"geometry":{"type":"Point","coordinates":[31.2,-26.4667]}},{"type":"Feature","properties":{"name":"Kasese","country":"Uganda","iso":"UG","rank":6,"pop":67269,"cap":0},"geometry":{"type":"Point","coordinates":[30.0814,0.1711]}},{"type":"Feature","properties":{"name":"Benoni","country":"South Africa","iso":"ZA","rank":6,"pop":2986000,"cap":0},"geometry":{"type":"Point","coordinates":[28.328,-26.1476]}},{"type":"Feature","properties":{"name":"Vereeniging","country":"South Africa","iso":"ZA","rank":6,"pop":1074000,"cap":0},"geometry":{"type":"Point","coordinates":[27.958,-26.6477]}},{"type":"Feature","properties":{"name":"Giza","country":"Egypt","iso":"EG","rank":6,"pop":2681863,"cap":0},"geometry":{"type":"Point","coordinates":[31.19,30.01]}},{"type":"Feature","properties":{"name":"Sfax","country":"Tunisia","iso":"TN","rank":6,"pop":453050,"cap":0},"geometry":{"type":"Point","coordinates":[10.72,34.75]}},{"type":"Feature","properties":{"name":"Mansa","country":"Zambia","iso":"ZM","rank":6,"pop":42277,"cap":0},"geometry":{"type":"Point","coordinates":[28.89,-11.2]}},{"type":"Feature","properties":{"name":"Mpika","country":"Zambia","iso":"ZM","rank":6,"pop":28445,"cap":0},"geometry":{"type":"Point","coordinates":[31.46,-11.83]}},{"type":"Feature","properties":{"name":"Mbala","country":"Zambia","iso":"ZM","rank":6,"pop":20570,"cap":0},"geometry":{"type":"Point","coordinates":[31.37,-8.84]}},{"type":"Feature","properties":{"name":"Luanshya","country":"Zambia","iso":"ZM","rank":6,"pop":151993,"cap":0},"geometry":{"type":"Point","coordinates":[28.4,-13.1333]}},{"type":"Feature","properties":{"name":"Ndola","country":"Zambia","iso":"ZM","rank":6,"pop":396339,"cap":0},"geometry":{"type":"Point","coordinates":[28.65,-12.9999]}},{"type":"Feature","properties":{"name":"Zambezi","country":"Zambia","iso":"ZM","rank":6,"pop":7074,"cap":0},"geometry":{"type":"Point","coordinates":[23.1099,-13.54]}},{"type":"Feature","properties":{"name":"Kafue","country":"Zambia","iso":"ZM","rank":6,"pop":47554,"cap":0},"geometry":{"type":"Point","coordinates":[28.18,-15.78]}},{"type":"Feature","properties":{"name":"Mazabuka","country":"Zambia","iso":"ZM","rank":6,"pop":64006,"cap":0},"geometry":{"type":"Point","coordinates":[27.76,-15.86]}},{"type":"Feature","properties":{"name":"Hwange","country":"Zimbabwe","iso":"ZW","rank":6,"pop":33989,"cap":0},"geometry":{"type":"Point","coordinates":[26.5,-18.37]}},{"type":"Feature","properties":{"name":"Gweru","country":"Zimbabwe","iso":"ZW","rank":6,"pop":183358,"cap":0},"geometry":{"type":"Point","coordinates":[29.82,-19.45]}},{"type":"Feature","properties":{"name":"Mutare","country":"Zimbabwe","iso":"ZW","rank":6,"pop":249365,"cap":0},"geometry":{"type":"Point","coordinates":[32.65,-18.97]}},{"type":"Feature","properties":{"name":"Kadoma","country":"Zimbabwe","iso":"ZW","rank":6,"pop":79174,"cap":0},"geometry":{"type":"Point","coordinates":[29.9099,-18.33]}},{"type":"Feature","properties":{"name":"Dosso","country":"Niger","iso":"NE","rank":6,"pop":49750,"cap":0},"geometry":{"type":"Point","coordinates":[3.2,13.05]}},{"type":"Feature","properties":{"name":"Aweil","country":"South Sudan","iso":"SS","rank":6,"pop":46705,"cap":0},"geometry":{"type":"Point","coordinates":[27.4,8.7666]}},{"type":"Feature","properties":{"name":"Tokar","country":"Sudan","iso":"SD","rank":6,"pop":73202,"cap":0},"geometry":{"type":"Point","coordinates":[37.7333,18.4333]}},{"type":"Feature","properties":{"name":"Bo","country":"Sierra Leone","iso":"SL","rank":6,"pop":174354,"cap":0},"geometry":{"type":"Point","coordinates":[-11.74,7.97]}},{"type":"Feature","properties":{"name":"Ziguinchor","country":"Senegal","iso":"SN","rank":6,"pop":191716,"cap":0},"geometry":{"type":"Point","coordinates":[-16.29,12.59]}},{"type":"Feature","properties":{"name":"Arlit","country":"Niger","iso":"NE","rank":6,"pop":100000,"cap":0},"geometry":{"type":"Point","coordinates":[7.389,18.7363]}},{"type":"Feature","properties":{"name":"Djado","country":"Niger","iso":"NE","rank":6,"pop":10,"cap":0},"geometry":{"type":"Point","coordinates":[12.3075,21.015]}},{"type":"Feature","properties":{"name":"Rumbek","country":"South Sudan","iso":"SS","rank":6,"pop":32083,"cap":0},"geometry":{"type":"Point","coordinates":[29.6833,6.8]}},{"type":"Feature","properties":{"name":"Yambio","country":"South Sudan","iso":"SS","rank":6,"pop":40382,"cap":0},"geometry":{"type":"Point","coordinates":[28.4163,4.5705]}},{"type":"Feature","properties":{"name":"Bor","country":"South Sudan","iso":"SS","rank":6,"pop":26782,"cap":0},"geometry":{"type":"Point","coordinates":[31.5591,6.2072]}},{"type":"Feature","properties":{"name":"Medani","country":"Sudan","iso":"SD","rank":6,"pop":332714,"cap":0},"geometry":{"type":"Point","coordinates":[33.52,14.4]}},{"type":"Feature","properties":{"name":"Gedaref","country":"Sudan","iso":"SD","rank":6,"pop":201282,"cap":0},"geometry":{"type":"Point","coordinates":[35.38,14.04]}},{"type":"Feature","properties":{"name":"Ad-Damir","country":"Sudan","iso":"SD","rank":6,"pop":103941,"cap":0},"geometry":{"type":"Point","coordinates":[33.96,17.59]}},{"type":"Feature","properties":{"name":"Atbarah","country":"Sudan","iso":"SD","rank":6,"pop":168612,"cap":0},"geometry":{"type":"Point","coordinates":[33.98,17.71]}},{"type":"Feature","properties":{"name":"Wadi Halfa","country":"Sudan","iso":"SD","rank":6,"pop":17121,"cap":0},"geometry":{"type":"Point","coordinates":[31.35,21.8]}},{"type":"Feature","properties":{"name":"Merowe","country":"Sudan","iso":"SD","rank":6,"pop":10234,"cap":0},"geometry":{"type":"Point","coordinates":[31.8167,18.4833]}},{"type":"Feature","properties":{"name":"Kosti","country":"Sudan","iso":"SD","rank":6,"pop":345068,"cap":0},"geometry":{"type":"Point","coordinates":[32.66,13.17]}},{"type":"Feature","properties":{"name":"Sennar","country":"Sudan","iso":"SD","rank":6,"pop":130122,"cap":0},"geometry":{"type":"Point","coordinates":[33.6,13.55]}},{"type":"Feature","properties":{"name":"El Fasher","country":"Sudan","iso":"SD","rank":6,"pop":252609,"cap":0},"geometry":{"type":"Point","coordinates":[25.35,13.63]}},{"type":"Feature","properties":{"name":"Kadugli","country":"Sudan","iso":"SD","rank":6,"pop":176931,"cap":0},"geometry":{"type":"Point","coordinates":[29.7,11.01]}},{"type":"Feature","properties":{"name":"Nimule","country":"South Sudan","iso":"SS","rank":6,"pop":242,"cap":0},"geometry":{"type":"Point","coordinates":[32.05,3.6]}},{"type":"Feature","properties":{"name":"De Aar","country":"South Africa","iso":"ZA","rank":6,"pop":32318,"cap":0},"geometry":{"type":"Point","coordinates":[24.0,-30.65]}},{"type":"Feature","properties":{"name":"Alexander Bay","country":"South Africa","iso":"ZA","rank":6,"pop":1500,"cap":0},"geometry":{"type":"Point","coordinates":[16.5033,-28.6083]}},{"type":"Feature","properties":{"name":"Kimberley","country":"South Africa","iso":"ZA","rank":6,"pop":165264,"cap":0},"geometry":{"type":"Point","coordinates":[24.77,-28.7468]}},{"type":"Feature","properties":{"name":"Oudtshoorn","country":"South Africa","iso":"ZA","rank":6,"pop":76708,"cap":0},"geometry":{"type":"Point","coordinates":[22.19,-33.58]}},{"type":"Feature","properties":{"name":"Vanhynsdorp","country":"South Africa","iso":"ZA","rank":6,"pop":3331,"cap":0},"geometry":{"type":"Point","coordinates":[18.7333,-31.6166]}},{"type":"Feature","properties":{"name":"Saldanha","country":"South Africa","iso":"ZA","rank":6,"pop":68284,"cap":0},"geometry":{"type":"Point","coordinates":[17.93,-33.01]}},{"type":"Feature","properties":{"name":"Mossel Bay","country":"South Africa","iso":"ZA","rank":6,"pop":16743,"cap":0},"geometry":{"type":"Point","coordinates":[22.13,-34.17]}},{"type":"Feature","properties":{"name":"Chimoio","country":"Mozambique","iso":"MZ","rank":6,"pop":256936,"cap":0},"geometry":{"type":"Point","coordinates":[33.47,-19.12]}},{"type":"Feature","properties":{"name":"Lichinga","country":"Mozambique","iso":"MZ","rank":6,"pop":109839,"cap":0},"geometry":{"type":"Point","coordinates":[35.24,-13.3]}},{"type":"Feature","properties":{"name":"Angoche","country":"Mozambique","iso":"MZ","rank":6,"pop":57835,"cap":0},"geometry":{"type":"Point","coordinates":[39.91,-16.23]}},{"type":"Feature","properties":{"name":"Mocambique","country":"Mozambique","iso":"MZ","rank":6,"pop":54315,"cap":0},"geometry":{"type":"Point","coordinates":[40.6822,-15.0399]}},{"type":"Feature","properties":{"name":"Vryburg","country":"South Africa","iso":"ZA","rank":6,"pop":49588,"cap":0},"geometry":{"type":"Point","coordinates":[24.73,-26.96]}},{"type":"Feature","properties":{"name":"Rustenburg","country":"South Africa","iso":"ZA","rank":6,"pop":165976,"cap":0},"geometry":{"type":"Point","coordinates":[27.24,-25.65]}},{"type":"Feature","properties":{"name":"Mmabatho","country":"South Africa","iso":"ZA","rank":6,"pop":104428,"cap":0},"geometry":{"type":"Point","coordinates":[25.61,-25.83]}},{"type":"Feature","properties":{"name":"Klerksdorp","country":"South Africa","iso":"ZA","rank":6,"pop":178921,"cap":0},"geometry":{"type":"Point","coordinates":[26.62,-26.88]}},{"type":"Feature","properties":{"name":"Kroonstad","country":"South Africa","iso":"ZA","rank":6,"pop":103992,"cap":0},"geometry":{"type":"Point","coordinates":[27.21,-27.66]}},{"type":"Feature","properties":{"name":"Polokwane","country":"South Africa","iso":"ZA","rank":6,"pop":220045,"cap":0},"geometry":{"type":"Point","coordinates":[29.45,-23.89]}},{"type":"Feature","properties":{"name":"Thohoyandou","country":"South Africa","iso":"ZA","rank":6,"pop":269707,"cap":0},"geometry":{"type":"Point","coordinates":[30.48,-22.95]}},{"type":"Feature","properties":{"name":"Musina","country":"South Africa","iso":"ZA","rank":6,"pop":20191,"cap":0},"geometry":{"type":"Point","coordinates":[30.03,-22.34]}},{"type":"Feature","properties":{"name":"Vryheid","country":"South Africa","iso":"ZA","rank":6,"pop":150012,"cap":0},"geometry":{"type":"Point","coordinates":[30.79,-27.76]}},{"type":"Feature","properties":{"name":"Pietermaritzburg","country":"South Africa","iso":"ZA","rank":6,"pop":750845,"cap":0},"geometry":{"type":"Point","coordinates":[30.39,-29.61]}},{"type":"Feature","properties":{"name":"Tangier","country":"Morocco","iso":"MA","rank":6,"pop":750060,"cap":0},"geometry":{"type":"Point","coordinates":[-5.8062,35.7759]}},{"type":"Feature","properties":{"name":"Agadir","country":"Morocco","iso":"MA","rank":6,"pop":825467,"cap":0},"geometry":{"type":"Point","coordinates":[-9.62,30.44]}},{"type":"Feature","properties":{"name":"Inhambane","country":"Mozambique","iso":"MZ","rank":6,"pop":115776,"cap":0},"geometry":{"type":"Point","coordinates":[35.3398,-23.858]}},{"type":"Feature","properties":{"name":"Umtata","country":"South Africa","iso":"ZA","rank":6,"pop":137772,"cap":0},"geometry":{"type":"Point","coordinates":[28.79,-31.58]}},{"type":"Feature","properties":{"name":"Graaff Reinet","country":"South Africa","iso":"ZA","rank":6,"pop":62896,"cap":0},"geometry":{"type":"Point","coordinates":[24.54,-32.3]}},{"type":"Feature","properties":{"name":"Bhisho","country":"South Africa","iso":"ZA","rank":6,"pop":160997,"cap":0},"geometry":{"type":"Point","coordinates":[27.39,-32.87]}},{"type":"Feature","properties":{"name":"Baydhabo","country":"Somalia","iso":"SO","rank":6,"pop":129839,"cap":0},"geometry":{"type":"Point","coordinates":[43.65,3.12]}},{"type":"Feature","properties":{"name":"Marka","country":"Somalia","iso":"SO","rank":6,"pop":1958,"cap":0},"geometry":{"type":"Point","coordinates":[44.7689,1.7199]}},{"type":"Feature","properties":{"name":"Mereeg","country":"Somalia","iso":"SO","rank":6,"pop":548,"cap":0},"geometry":{"type":"Point","coordinates":[47.3,3.7666]}},{"type":"Feature","properties":{"name":"Beledweyne","country":"Somalia","iso":"SO","rank":6,"pop":62945,"cap":0},"geometry":{"type":"Point","coordinates":[45.2,4.74]}},{"type":"Feature","properties":{"name":"Boosaaso","country":"Somalia","iso":"SO","rank":6,"pop":46969,"cap":0},"geometry":{"type":"Point","coordinates":[49.18,11.28]}},{"type":"Feature","properties":{"name":"Bandarbeyla","country":"Somalia","iso":"SO","rank":6,"pop":13753,"cap":0},"geometry":{"type":"Point","coordinates":[50.8167,9.4833]}},{"type":"Feature","properties":{"name":"Gaalkacyo","country":"Somalia","iso":"SO","rank":6,"pop":61200,"cap":0},"geometry":{"type":"Point","coordinates":[47.43,6.77]}},{"type":"Feature","properties":{"name":"Eyl","country":"Somalia","iso":"SO","rank":6,"pop":18904,"cap":0},"geometry":{"type":"Point","coordinates":[49.8333,7.9833]}},{"type":"Feature","properties":{"name":"Garoowe","country":"Somalia","iso":"SO","rank":6,"pop":2568,"cap":0},"geometry":{"type":"Point","coordinates":[48.5,8.4]}},{"type":"Feature","properties":{"name":"Jamaame","country":"Somalia","iso":"SO","rank":6,"pop":185270,"cap":0},"geometry":{"type":"Point","coordinates":[42.7506,0.0722]}},{"type":"Feature","properties":{"name":"Kismaayo","country":"Somalia","iso":"SO","rank":6,"pop":234852,"cap":0},"geometry":{"type":"Point","coordinates":[42.5183,-0.3566]}},{"type":"Feature","properties":{"name":"Saint-Louis","country":"Mauritania","iso":"MR","rank":6,"pop":220792,"cap":0},"geometry":{"type":"Point","coordinates":[-16.51,16.02]}},{"type":"Feature","properties":{"name":"Tidjikdja","country":"Mauritania","iso":"MR","rank":6,"pop":19981,"cap":0},"geometry":{"type":"Point","coordinates":[-11.4166,18.55]}},{"type":"Feature","properties":{"name":"Ilorin","country":"Nigeria","iso":"NG","rank":6,"pop":771000,"cap":0},"geometry":{"type":"Point","coordinates":[4.548,8.492]}},{"type":"Feature","properties":{"name":"Minna","country":"Nigeria","iso":"NG","rank":6,"pop":291905,"cap":0},"geometry":{"type":"Point","coordinates":[6.55,9.62]}},{"type":"Feature","properties":{"name":"Zaria","country":"Nigeria","iso":"NG","rank":6,"pop":889000,"cap":0},"geometry":{"type":"Point","coordinates":[7.7081,11.0819]}},{"type":"Feature","properties":{"name":"Jos","country":"Nigeria","iso":"NG","rank":6,"pop":816824,"cap":0},"geometry":{"type":"Point","coordinates":[8.89,9.93]}},{"type":"Feature","properties":{"name":"Yola","country":"Nigeria","iso":"NG","rank":6,"pop":96006,"cap":0},"geometry":{"type":"Point","coordinates":[12.48,9.21]}},{"type":"Feature","properties":{"name":"Keetmanshoop","country":"Namibia","iso":"NA","rank":6,"pop":18039,"cap":0},"geometry":{"type":"Point","coordinates":[18.13,-26.5739]}},{"type":"Feature","properties":{"name":"Maltah\u00f6he","country":"Namibia","iso":"NA","rank":6,"pop":2329,"cap":0},"geometry":{"type":"Point","coordinates":[16.94,-24.84]}},{"type":"Feature","properties":{"name":"Swakopmund","country":"Namibia","iso":"NA","rank":6,"pop":29491,"cap":0},"geometry":{"type":"Point","coordinates":[14.535,-22.6689]}},{"type":"Feature","properties":{"name":"Ongwediva","country":"Namibia","iso":"NA","rank":6,"pop":25032,"cap":0},"geometry":{"type":"Point","coordinates":[15.77,-17.78]}},{"type":"Feature","properties":{"name":"Rundu","country":"Namibia","iso":"NA","rank":6,"pop":58172,"cap":0},"geometry":{"type":"Point","coordinates":[19.7499,-17.92]}},{"type":"Feature","properties":{"name":"Tsumeb","country":"Namibia","iso":"NA","rank":6,"pop":14959,"cap":0},"geometry":{"type":"Point","coordinates":[17.71,-19.24]}},{"type":"Feature","properties":{"name":"Tabora","country":"Tanzania","iso":"TZ","rank":6,"pop":146495,"cap":0},"geometry":{"type":"Point","coordinates":[32.8,-5.02]}},{"type":"Feature","properties":{"name":"Lindi","country":"Tanzania","iso":"TZ","rank":6,"pop":41912,"cap":0},"geometry":{"type":"Point","coordinates":[39.7,-10.0]}},{"type":"Feature","properties":{"name":"Songea","country":"Tanzania","iso":"TZ","rank":6,"pop":126449,"cap":0},"geometry":{"type":"Point","coordinates":[35.65,-10.68]}},{"type":"Feature","properties":{"name":"Tanga","country":"Tanzania","iso":"TZ","rank":6,"pop":224876,"cap":0},"geometry":{"type":"Point","coordinates":[39.09,-5.07]}},{"type":"Feature","properties":{"name":"Goulimine","country":"Morocco","iso":"MA","rank":6,"pop":115267,"cap":0},"geometry":{"type":"Point","coordinates":[-10.07,28.98]}},{"type":"Feature","properties":{"name":"Smara","country":"Morocco","iso":"MA","rank":6,"pop":48149,"cap":0},"geometry":{"type":"Point","coordinates":[-11.6833,26.7333]}},{"type":"Feature","properties":{"name":"Ad Dakhla","country":"Morocco","iso":"MA","rank":6,"pop":89292,"cap":0},"geometry":{"type":"Point","coordinates":[-15.9368,23.7141]}},{"type":"Feature","properties":{"name":"Babanusa","country":"Sudan","iso":"SD","rank":6,"pop":19700,"cap":0},"geometry":{"type":"Point","coordinates":[27.8,11.3334]}},{"type":"Feature","properties":{"name":"Greenville","country":"Liberia","iso":"LR","rank":6,"pop":10374,"cap":0},"geometry":{"type":"Point","coordinates":[-9.0388,5.0111]}},{"type":"Feature","properties":{"name":"Buchanan","country":"Liberia","iso":"LR","rank":6,"pop":48315,"cap":0},"geometry":{"type":"Point","coordinates":[-10.0525,5.9161]}},{"type":"Feature","properties":{"name":"Robertsport","country":"Liberia","iso":"LR","rank":6,"pop":11969,"cap":0},"geometry":{"type":"Point","coordinates":[-11.3686,6.7533]}},{"type":"Feature","properties":{"name":"Berb\u00e9rati","country":"Central African Republic","iso":"CF","rank":6,"pop":61815,"cap":0},"geometry":{"type":"Point","coordinates":[15.78,4.25]}},{"type":"Feature","properties":{"name":"Bria","country":"Central African Republic","iso":"CF","rank":6,"pop":29027,"cap":0},"geometry":{"type":"Point","coordinates":[21.9833,6.5333]}},{"type":"Feature","properties":{"name":"Marsabit","country":"Kenya","iso":"KE","rank":6,"pop":16460,"cap":0},"geometry":{"type":"Point","coordinates":[37.98,2.33]}},{"type":"Feature","properties":{"name":"Moyale","country":"Kenya","iso":"KE","rank":6,"pop":24837,"cap":0},"geometry":{"type":"Point","coordinates":[39.05,3.52]}},{"type":"Feature","properties":{"name":"Nakuru","country":"Kenya","iso":"KE","rank":6,"pop":364727,"cap":0},"geometry":{"type":"Point","coordinates":[36.07,-0.28]}},{"type":"Feature","properties":{"name":"Lamu","country":"Kenya","iso":"KE","rank":6,"pop":24525,"cap":0},"geometry":{"type":"Point","coordinates":[40.9197,-2.262]}},{"type":"Feature","properties":{"name":"Malindi","country":"Kenya","iso":"KE","rank":6,"pop":94016,"cap":0},"geometry":{"type":"Point","coordinates":[40.1,-3.21]}},{"type":"Feature","properties":{"name":"Kisumu","country":"Kenya","iso":"KE","rank":6,"pop":395615,"cap":0},"geometry":{"type":"Point","coordinates":[34.75,-0.09]}},{"type":"Feature","properties":{"name":"Antsirabe","country":"Madagascar","iso":"MG","rank":6,"pop":307921,"cap":0},"geometry":{"type":"Point","coordinates":[47.0333,-19.85]}},{"type":"Feature","properties":{"name":"Antalaha","country":"Madagascar","iso":"MG","rank":6,"pop":47224,"cap":0},"geometry":{"type":"Point","coordinates":[50.2833,-14.8833]}},{"type":"Feature","properties":{"name":"Andoany","country":"Madagascar","iso":"MG","rank":6,"pop":22680,"cap":0},"geometry":{"type":"Point","coordinates":[48.2666,-13.4]}},{"type":"Feature","properties":{"name":"Farafangana","country":"Madagascar","iso":"MG","rank":6,"pop":24764,"cap":0},"geometry":{"type":"Point","coordinates":[47.8332,-22.8166]}},{"type":"Feature","properties":{"name":"Mananjary","country":"Madagascar","iso":"MG","rank":6,"pop":27686,"cap":0},"geometry":{"type":"Point","coordinates":[48.3333,-21.2167]}},{"type":"Feature","properties":{"name":"Maintirano","country":"Madagascar","iso":"MG","rank":6,"pop":5925,"cap":0},"geometry":{"type":"Point","coordinates":[44.0167,-18.0666]}},{"type":"Feature","properties":{"name":"Toamasina","country":"Madagascar","iso":"MG","rank":6,"pop":210226,"cap":0},"geometry":{"type":"Point","coordinates":[49.405,-18.1818]}},{"type":"Feature","properties":{"name":"Maroantsetra","country":"Madagascar","iso":"MG","rank":6,"pop":38046,"cap":0},"geometry":{"type":"Point","coordinates":[49.7333,-15.4333]}},{"type":"Feature","properties":{"name":"T\u00f4lanaro","country":"Madagascar","iso":"MG","rank":6,"pop":16818,"cap":0},"geometry":{"type":"Point","coordinates":[46.99,-25.0268]}},{"type":"Feature","properties":{"name":"Morombe","country":"Madagascar","iso":"MG","rank":6,"pop":16727,"cap":0},"geometry":{"type":"Point","coordinates":[43.3657,-21.7391]}},{"type":"Feature","properties":{"name":"Androka","country":"Madagascar","iso":"MG","rank":6,"pop":174,"cap":0},"geometry":{"type":"Point","coordinates":[44.0749,-25.0219]}},{"type":"Feature","properties":{"name":"Morondava","country":"Madagascar","iso":"MG","rank":6,"pop":36803,"cap":0},"geometry":{"type":"Point","coordinates":[44.2833,-20.2833]}},{"type":"Feature","properties":{"name":"Lisala","country":"Congo (Kinshasa)","iso":"CD","rank":6,"pop":70087,"cap":0},"geometry":{"type":"Point","coordinates":[21.51,2.14]}},{"type":"Feature","properties":{"name":"Gemena","country":"Congo (Kinshasa)","iso":"CD","rank":6,"pop":198056,"cap":0},"geometry":{"type":"Point","coordinates":[19.77,3.26]}},{"type":"Feature","properties":{"name":"Fada","country":"Chad","iso":"TD","rank":6,"pop":448,"cap":0},"geometry":{"type":"Point","coordinates":[21.5902,17.1847]}},{"type":"Feature","properties":{"name":"Faya Largeau","country":"Chad","iso":"TD","rank":6,"pop":13400,"cap":0},"geometry":{"type":"Point","coordinates":[19.1167,17.9167]}},{"type":"Feature","properties":{"name":"Mao","country":"Chad","iso":"TD","rank":6,"pop":18031,"cap":0},"geometry":{"type":"Point","coordinates":[15.3133,14.1194]}},{"type":"Feature","properties":{"name":"Bata","country":"Equatorial Guinea","iso":"GQ","rank":6,"pop":173046,"cap":0},"geometry":{"type":"Point","coordinates":[9.77,1.87]}},{"type":"Feature","properties":{"name":"Biltine","country":"Chad","iso":"TD","rank":6,"pop":11000,"cap":0},"geometry":{"type":"Point","coordinates":[20.9167,14.5333]}},{"type":"Feature","properties":{"name":"Sarh","country":"Chad","iso":"TD","rank":6,"pop":169196,"cap":0},"geometry":{"type":"Point","coordinates":[18.39,9.15]}},{"type":"Feature","properties":{"name":"Am Timan","country":"Chad","iso":"TD","rank":6,"pop":30443,"cap":0},"geometry":{"type":"Point","coordinates":[20.2833,11.0333]}},{"type":"Feature","properties":{"name":"Siwa","country":"Egypt","iso":"EG","rank":6,"pop":23080,"cap":0},"geometry":{"type":"Point","coordinates":[25.5167,29.2]}},{"type":"Feature","properties":{"name":"El Minya","country":"Egypt","iso":"EG","rank":6,"pop":500000,"cap":0},"geometry":{"type":"Point","coordinates":[30.75,28.09]}},{"type":"Feature","properties":{"name":"Kom Ombo","country":"Egypt","iso":"EG","rank":6,"pop":303962,"cap":0},"geometry":{"type":"Point","coordinates":[32.95,24.47]}},{"type":"Feature","properties":{"name":"El Kharga","country":"Egypt","iso":"EG","rank":6,"pop":49991,"cap":0},"geometry":{"type":"Point","coordinates":[30.55,25.44]}},{"type":"Feature","properties":{"name":"Hurghada","country":"Egypt","iso":"EG","rank":6,"pop":157204,"cap":0},"geometry":{"type":"Point","coordinates":[33.83,27.23]}},{"type":"Feature","properties":{"name":"Buta","country":"Congo (Kinshasa)","iso":"CD","rank":6,"pop":45677,"cap":0},"geometry":{"type":"Point","coordinates":[24.74,2.82]}},{"type":"Feature","properties":{"name":"Watsa","country":"Congo (Kinshasa)","iso":"CD","rank":6,"pop":24516,"cap":0},"geometry":{"type":"Point","coordinates":[29.53,3.04]}},{"type":"Feature","properties":{"name":"Isiro","country":"Congo (Kinshasa)","iso":"CD","rank":6,"pop":157196,"cap":0},"geometry":{"type":"Point","coordinates":[27.62,2.76]}},{"type":"Feature","properties":{"name":"Bondo","country":"Congo (Kinshasa)","iso":"CD","rank":6,"pop":23517,"cap":0},"geometry":{"type":"Point","coordinates":[23.67,3.81]}},{"type":"Feature","properties":{"name":"Inongo","country":"Congo (Kinshasa)","iso":"CD","rank":6,"pop":40113,"cap":0},"geometry":{"type":"Point","coordinates":[18.28,-1.94]}},{"type":"Feature","properties":{"name":"Tshikapa","country":"Congo (Kinshasa)","iso":"CD","rank":6,"pop":267462,"cap":0},"geometry":{"type":"Point","coordinates":[20.77,-6.41]}},{"type":"Feature","properties":{"name":"Boma","country":"Congo (Kinshasa)","iso":"CD","rank":6,"pop":178638,"cap":0},"geometry":{"type":"Point","coordinates":[13.05,-5.83]}},{"type":"Feature","properties":{"name":"Bukavu","country":"Congo (Kinshasa)","iso":"CD","rank":6,"pop":436779,"cap":0},"geometry":{"type":"Point","coordinates":[28.84,-2.51]}},{"type":"Feature","properties":{"name":"Uvira","country":"Congo (Kinshasa)","iso":"CD","rank":6,"pop":170391,"cap":0},"geometry":{"type":"Point","coordinates":[29.14,-3.37]}},{"type":"Feature","properties":{"name":"Kindu","country":"Congo (Kinshasa)","iso":"CD","rank":6,"pop":262914,"cap":0},"geometry":{"type":"Point","coordinates":[25.91,-2.9639]}},{"type":"Feature","properties":{"name":"Mwene-Ditu","country":"Congo (Kinshasa)","iso":"CD","rank":6,"pop":189177,"cap":0},"geometry":{"type":"Point","coordinates":[23.44,-7]}},{"type":"Feature","properties":{"name":"Likasi","country":"Congo (Kinshasa)","iso":"CD","rank":6,"pop":434408,"cap":0},"geometry":{"type":"Point","coordinates":[26.78,-10.97]}},{"type":"Feature","properties":{"name":"Manono","country":"Congo (Kinshasa)","iso":"CD","rank":6,"pop":46111,"cap":0},"geometry":{"type":"Point","coordinates":[27.45,-7.3]}},{"type":"Feature","properties":{"name":"Kamina","country":"Congo (Kinshasa)","iso":"CD","rank":6,"pop":128803,"cap":0},"geometry":{"type":"Point","coordinates":[25.01,-8.73]}},{"type":"Feature","properties":{"name":"Chiromo","country":"Malawi","iso":"MW","rank":6,"pop":25235,"cap":0},"geometry":{"type":"Point","coordinates":[35.1332,-16.55]}},{"type":"Feature","properties":{"name":"Zomba","country":"Malawi","iso":"MW","rank":6,"pop":80932,"cap":0},"geometry":{"type":"Point","coordinates":[35.31,-15.39]}},{"type":"Feature","properties":{"name":"Kumasi","country":"Ghana","iso":"GH","rank":6,"pop":1646000,"cap":0},"geometry":{"type":"Point","coordinates":[-1.632,6.6919]}},{"type":"Feature","properties":{"name":"Sekondi","country":"Ghana","iso":"GH","rank":6,"pop":286248,"cap":0},"geometry":{"type":"Point","coordinates":[-1.704,4.9433]}},{"type":"Feature","properties":{"name":"Oyem","country":"Gabon","iso":"GA","rank":6,"pop":43423,"cap":0},"geometry":{"type":"Point","coordinates":[11.5833,1.6166]}},{"type":"Feature","properties":{"name":"Mayumba","country":"Gabon","iso":"GA","rank":6,"pop":3996,"cap":0},"geometry":{"type":"Point","coordinates":[10.65,-3.4166]}},{"type":"Feature","properties":{"name":"Gamba","country":"Gabon","iso":"GA","rank":6,"pop":9928,"cap":0},"geometry":{"type":"Point","coordinates":[10.0,-2.65]}},{"type":"Feature","properties":{"name":"Taoudenni","country":"Mali","iso":"ML","rank":6,"pop":3019,"cap":0},"geometry":{"type":"Point","coordinates":[-3.9834,22.6666]}},{"type":"Feature","properties":{"name":"Araouane","country":"Mali","iso":"ML","rank":6,"pop":4026,"cap":0},"geometry":{"type":"Point","coordinates":[-3.5299,18.9]}},{"type":"Feature","properties":{"name":"Tessalit","country":"Mali","iso":"ML","rank":6,"pop":6000,"cap":0},"geometry":{"type":"Point","coordinates":[1.0888,20.2014]}},{"type":"Feature","properties":{"name":"M\u00e9naka","country":"Mali","iso":"ML","rank":6,"pop":9110,"cap":0},"geometry":{"type":"Point","coordinates":[2.4,15.9167]}},{"type":"Feature","properties":{"name":"Bir Mogrein","country":"Mauritania","iso":"MR","rank":6,"pop":10,"cap":0},"geometry":{"type":"Point","coordinates":[-11.5833,25.2333]}},{"type":"Feature","properties":{"name":"Rosso","country":"Mauritania","iso":"MR","rank":6,"pop":47203,"cap":0},"geometry":{"type":"Point","coordinates":[-15.8127,16.524]}},{"type":"Feature","properties":{"name":"Kiffa","country":"Mauritania","iso":"MR","rank":6,"pop":73930,"cap":0},"geometry":{"type":"Point","coordinates":[-11.4,16.62]}},{"type":"Feature","properties":{"name":"Nara","country":"Mali","iso":"ML","rank":6,"pop":18459,"cap":0},"geometry":{"type":"Point","coordinates":[-7.28,15.18]}},{"type":"Feature","properties":{"name":"Koulikoro","country":"Mali","iso":"ML","rank":6,"pop":23919,"cap":0},"geometry":{"type":"Point","coordinates":[-7.55,12.8833]}},{"type":"Feature","properties":{"name":"Mopti","country":"Mali","iso":"ML","rank":6,"pop":108456,"cap":0},"geometry":{"type":"Point","coordinates":[-4.18,14.49]}},{"type":"Feature","properties":{"name":"Ou\u00e9sso","country":"Congo (Brazzaville)","iso":"CG","rank":6,"pop":28320,"cap":0},"geometry":{"type":"Point","coordinates":[16.05,1.61]}},{"type":"Feature","properties":{"name":"Ghadamis","country":"Libya","iso":"LY","rank":6,"pop":6623,"cap":0},"geometry":{"type":"Point","coordinates":[9.5,30.1333]}},{"type":"Feature","properties":{"name":"Hun","country":"Libya","iso":"LY","rank":6,"pop":18878,"cap":0},"geometry":{"type":"Point","coordinates":[15.9333,29.1167]}},{"type":"Feature","properties":{"name":"Birak","country":"Libya","iso":"LY","rank":6,"pop":45421,"cap":0},"geometry":{"type":"Point","coordinates":[14.2834,27.5333]}},{"type":"Feature","properties":{"name":"Ghat","country":"Libya","iso":"LY","rank":6,"pop":24347,"cap":0},"geometry":{"type":"Point","coordinates":[10.1728,24.9647]}},{"type":"Feature","properties":{"name":"Marzuq","country":"Libya","iso":"LY","rank":6,"pop":55071,"cap":0},"geometry":{"type":"Point","coordinates":[13.8972,25.9044]}},{"type":"Feature","properties":{"name":"Ajdabiya","country":"Libya","iso":"LY","rank":6,"pop":143833,"cap":0},"geometry":{"type":"Point","coordinates":[20.22,30.77]}},{"type":"Feature","properties":{"name":"Awjilah","country":"Libya","iso":"LY","rank":6,"pop":6610,"cap":0},"geometry":{"type":"Point","coordinates":[21.2869,29.108]}},{"type":"Feature","properties":{"name":"Surt","country":"Libya","iso":"LY","rank":6,"pop":128123,"cap":0},"geometry":{"type":"Point","coordinates":[16.59,31.21]}},{"type":"Feature","properties":{"name":"Darnah","country":"Libya","iso":"LY","rank":6,"pop":127974,"cap":0},"geometry":{"type":"Point","coordinates":[22.6391,32.7648]}},{"type":"Feature","properties":{"name":"Tubruq","country":"Libya","iso":"LY","rank":6,"pop":263527,"cap":0},"geometry":{"type":"Point","coordinates":[23.96,32.08]}},{"type":"Feature","properties":{"name":"Debre Markos","country":"Ethiopia","iso":"ET","rank":6,"pop":70758,"cap":0},"geometry":{"type":"Point","coordinates":[37.72,10.34]}},{"type":"Feature","properties":{"name":"Dese","country":"Ethiopia","iso":"ET","rank":6,"pop":183802,"cap":0},"geometry":{"type":"Point","coordinates":[39.63,11.13]}},{"type":"Feature","properties":{"name":"Sodo","country":"Ethiopia","iso":"ET","rank":6,"pop":65737,"cap":0},"geometry":{"type":"Point","coordinates":[37.75,6.9]}},{"type":"Feature","properties":{"name":"Arba Minch","country":"Ethiopia","iso":"ET","rank":6,"pop":69622,"cap":0},"geometry":{"type":"Point","coordinates":[37.55,6.04]}},{"type":"Feature","properties":{"name":"Harar","country":"Ethiopia","iso":"ET","rank":6,"pop":174994,"cap":0},"geometry":{"type":"Point","coordinates":[42.15,9.32]}},{"type":"Feature","properties":{"name":"Goba","country":"Ethiopia","iso":"ET","rank":6,"pop":34369,"cap":0},"geometry":{"type":"Point","coordinates":[39.97,7.01]}},{"type":"Feature","properties":{"name":"Jima","country":"Ethiopia","iso":"ET","rank":6,"pop":128306,"cap":0},"geometry":{"type":"Point","coordinates":[36.83,7.68]}},{"type":"Feature","properties":{"name":"Nazret","country":"Ethiopia","iso":"ET","rank":6,"pop":476892,"cap":0},"geometry":{"type":"Point","coordinates":[39.27,8.55]}},{"type":"Feature","properties":{"name":"Negele Boran","country":"Ethiopia","iso":"ET","rank":6,"pop":11772,"cap":0},"geometry":{"type":"Point","coordinates":[39.5833,5.3166]}},{"type":"Feature","properties":{"name":"Gode","country":"Ethiopia","iso":"ET","rank":6,"pop":75000,"cap":0},"geometry":{"type":"Point","coordinates":[43.45,5.95]}},{"type":"Feature","properties":{"name":"Dolo Bay","country":"Ethiopia","iso":"ET","rank":6,"pop":11810,"cap":0},"geometry":{"type":"Point","coordinates":[42.0833,4.1833]}},{"type":"Feature","properties":{"name":"Korhogo","country":"Ivory Coast","iso":"CI","rank":6,"pop":177711,"cap":0},"geometry":{"type":"Point","coordinates":[-5.64,9.46]}},{"type":"Feature","properties":{"name":"Lab\u00e9","country":"Guinea","iso":"GN","rank":6,"pop":140575,"cap":0},"geometry":{"type":"Point","coordinates":[-12.3,11.32]}},{"type":"Feature","properties":{"name":"Bok\u00e9","country":"Guinea","iso":"GN","rank":6,"pop":116270,"cap":0},"geometry":{"type":"Point","coordinates":[-14.3,10.94]}},{"type":"Feature","properties":{"name":"Kindia","country":"Guinea","iso":"GN","rank":6,"pop":117062,"cap":0},"geometry":{"type":"Point","coordinates":[-12.87,10.06]}},{"type":"Feature","properties":{"name":"Daloa","country":"Ivory Coast","iso":"CI","rank":6,"pop":255168,"cap":0},"geometry":{"type":"Point","coordinates":[-6.45,6.89]}},{"type":"Feature","properties":{"name":"Mafetang","country":"Lesotho","iso":"LS","rank":6,"pop":57059,"cap":0},"geometry":{"type":"Point","coordinates":[27.25,-29.8166]}},{"type":"Feature","properties":{"name":"Bouar","country":"Central African Republic","iso":"CF","rank":6,"pop":34372,"cap":0},"geometry":{"type":"Point","coordinates":[15.6,5.95]}},{"type":"Feature","properties":{"name":"Dundo","country":"Angola","iso":"AO","rank":6,"pop":11985,"cap":0},"geometry":{"type":"Point","coordinates":[20.83,-7.38]}},{"type":"Feature","properties":{"name":"Ambriz","country":"Angola","iso":"AO","rank":6,"pop":17000,"cap":0},"geometry":{"type":"Point","coordinates":[13.125,-7.855]}},{"type":"Feature","properties":{"name":"Dondo","country":"Angola","iso":"AO","rank":6,"pop":2353,"cap":0},"geometry":{"type":"Point","coordinates":[14.43,-9.69]}},{"type":"Feature","properties":{"name":"Sumbe","country":"Angola","iso":"AO","rank":6,"pop":33277,"cap":0},"geometry":{"type":"Point","coordinates":[13.85,-11.21]}},{"type":"Feature","properties":{"name":"U\u00edge","country":"Angola","iso":"AO","rank":6,"pop":60008,"cap":0},"geometry":{"type":"Point","coordinates":[15.05,-7.62]}},{"type":"Feature","properties":{"name":"Kuito","country":"Angola","iso":"AO","rank":6,"pop":114286,"cap":0},"geometry":{"type":"Point","coordinates":[16.94,-12.38]}},{"type":"Feature","properties":{"name":"Lobito","country":"Angola","iso":"AO","rank":6,"pop":207932,"cap":0},"geometry":{"type":"Point","coordinates":[13.5412,-12.37]}},{"type":"Feature","properties":{"name":"Xangongo","country":"Angola","iso":"AO","rank":6,"pop":447,"cap":0},"geometry":{"type":"Point","coordinates":[14.97,-16.74]}},{"type":"Feature","properties":{"name":"Luena","country":"Angola","iso":"AO","rank":6,"pop":21115,"cap":0},"geometry":{"type":"Point","coordinates":[19.9,-11.79]}},{"type":"Feature","properties":{"name":"T\u00f4mbua","country":"Angola","iso":"AO","rank":6,"pop":40000,"cap":0},"geometry":{"type":"Point","coordinates":[11.86,-15.8]}},{"type":"Feature","properties":{"name":"Adrar","country":"Algeria","iso":"DZ","rank":6,"pop":56910,"cap":0},"geometry":{"type":"Point","coordinates":[-0.29,27.87]}},{"type":"Feature","properties":{"name":"Reggane","country":"Algeria","iso":"DZ","rank":6,"pop":32974,"cap":0},"geometry":{"type":"Point","coordinates":[0.1666,26.7]}},{"type":"Feature","properties":{"name":"B\u00e9char","country":"Algeria","iso":"DZ","rank":6,"pop":143382,"cap":0},"geometry":{"type":"Point","coordinates":[-2.23,31.6111]}},{"type":"Feature","properties":{"name":"Tindouf","country":"Algeria","iso":"DZ","rank":6,"pop":18270,"cap":0},"geometry":{"type":"Point","coordinates":[-8.1478,27.6742]}},{"type":"Feature","properties":{"name":"Illizi","country":"Algeria","iso":"DZ","rank":6,"pop":7957,"cap":0},"geometry":{"type":"Point","coordinates":[8.4666,26.4834]}},{"type":"Feature","properties":{"name":"Arak","country":"Algeria","iso":"DZ","rank":6,"pop":423251,"cap":0},"geometry":{"type":"Point","coordinates":[3.75,25.28]}},{"type":"Feature","properties":{"name":"I-n-Salah","country":"Algeria","iso":"DZ","rank":6,"pop":49223,"cap":0},"geometry":{"type":"Point","coordinates":[2.4666,27.2166]}},{"type":"Feature","properties":{"name":"El Gol\u00e9a","country":"Algeria","iso":"DZ","rank":6,"pop":32049,"cap":0},"geometry":{"type":"Point","coordinates":[2.8833,30.5666]}},{"type":"Feature","properties":{"name":"Laghouat","country":"Algeria","iso":"DZ","rank":6,"pop":113872,"cap":0},"geometry":{"type":"Point","coordinates":[2.88,33.81]}},{"type":"Feature","properties":{"name":"Touggourt","country":"Algeria","iso":"DZ","rank":6,"pop":133954,"cap":0},"geometry":{"type":"Point","coordinates":[6.06,33.1]}},{"type":"Feature","properties":{"name":"Ouargla","country":"Algeria","iso":"DZ","rank":6,"pop":176271,"cap":0},"geometry":{"type":"Point","coordinates":[5.34,31.97]}},{"type":"Feature","properties":{"name":"Biskra","country":"Algeria","iso":"DZ","rank":6,"pop":202103,"cap":0},"geometry":{"type":"Point","coordinates":[5.73,34.86]}},{"type":"Feature","properties":{"name":"Djelfa","country":"Algeria","iso":"DZ","rank":6,"pop":170901,"cap":0},"geometry":{"type":"Point","coordinates":[3.25,34.68]}},{"type":"Feature","properties":{"name":"S\u00e9tif","country":"Algeria","iso":"DZ","rank":6,"pop":274744,"cap":0},"geometry":{"type":"Point","coordinates":[5.4,36.18]}},{"type":"Feature","properties":{"name":"Batna","country":"Algeria","iso":"DZ","rank":6,"pop":280798,"cap":0},"geometry":{"type":"Point","coordinates":[6.17,35.57]}},{"type":"Feature","properties":{"name":"Molepolole","country":"Botswana","iso":"BW","rank":6,"pop":63248,"cap":0},"geometry":{"type":"Point","coordinates":[25.51,-24.4]}},{"type":"Feature","properties":{"name":"Bir Lehlou","country":"Western Sahara","iso":"EH","rank":6,"pop":500,"cap":0},"geometry":{"type":"Point","coordinates":[-9.6525,26.1192]}},{"type":"Feature","properties":{"name":"Moroni","country":"Comoros","iso":"KM","rank":6,"pop":128698,"cap":1},"geometry":{"type":"Point","coordinates":[43.2402,-11.7042]}},{"type":"Feature","properties":{"name":"Benin City","country":"Nigeria","iso":"NG","rank":4,"pop":1190000,"cap":0},"geometry":{"type":"Point","coordinates":[5.6181,6.3424]}},{"type":"Feature","properties":{"name":"Atakpam\u00e9","country":"Togo","iso":"TG","rank":4,"pop":80683,"cap":0},"geometry":{"type":"Point","coordinates":[1.12,7.53]}},{"type":"Feature","properties":{"name":"Sousse","country":"Tunisia","iso":"TN","rank":4,"pop":327004,"cap":0},"geometry":{"type":"Point","coordinates":[10.625,35.83]}},{"type":"Feature","properties":{"name":"Kabwe","country":"Zambia","iso":"ZM","rank":4,"pop":188979,"cap":0},"geometry":{"type":"Point","coordinates":[28.45,-14.44]}},{"type":"Feature","properties":{"name":"Mufulira","country":"Zambia","iso":"ZM","rank":4,"pop":153624,"cap":0},"geometry":{"type":"Point","coordinates":[28.26,-12.55]}},{"type":"Feature","properties":{"name":"Kitwe","country":"Zambia","iso":"ZM","rank":4,"pop":404901,"cap":0},"geometry":{"type":"Point","coordinates":[28.22,-12.81]}},{"type":"Feature","properties":{"name":"Livingstone","country":"Zambia","iso":"ZM","rank":4,"pop":165480,"cap":0},"geometry":{"type":"Point","coordinates":[25.86,-17.86]}},{"type":"Feature","properties":{"name":"Chitungwiza","country":"Zimbabwe","iso":"ZW","rank":4,"pop":340360,"cap":0},"geometry":{"type":"Point","coordinates":[31.1,-18.0]}},{"type":"Feature","properties":{"name":"Douala","country":"Cameroon","iso":"CM","rank":4,"pop":1906000,"cap":0},"geometry":{"type":"Point","coordinates":[9.708,4.0624]}},{"type":"Feature","properties":{"name":"Gulu","country":"Uganda","iso":"UG","rank":4,"pop":146858,"cap":0},"geometry":{"type":"Point","coordinates":[32.28,2.78]}},{"type":"Feature","properties":{"name":"Kigali","country":"Rwanda","iso":"RW","rank":4,"pop":860000,"cap":1},"geometry":{"type":"Point","coordinates":[30.0586,-1.9516]}},{"type":"Feature","properties":{"name":"Niamey","country":"Niger","iso":"NE","rank":4,"pop":232555,"cap":0},"geometry":{"type":"Point","coordinates":[7.0964,13.4916]}},{"type":"Feature","properties":{"name":"Tahoua","country":"Niger","iso":"NE","rank":4,"pop":115956,"cap":0},"geometry":{"type":"Point","coordinates":[5.2599,14.9]}},{"type":"Feature","properties":{"name":"Mbabane","country":"eSwatini","iso":"SZ","rank":4,"pop":90138,"cap":1},"geometry":{"type":"Point","coordinates":[31.1333,-26.3167]}},{"type":"Feature","properties":{"name":"Kaolack","country":"Senegal","iso":"SN","rank":4,"pop":277812,"cap":0},"geometry":{"type":"Point","coordinates":[-16.1,14.15]}},{"type":"Feature","properties":{"name":"Ka\u00e9di","country":"Senegal","iso":"SN","rank":4,"pop":21656,"cap":0},"geometry":{"type":"Point","coordinates":[-13.5,16.15]}},{"type":"Feature","properties":{"name":"Geneina","country":"Sudan","iso":"SD","rank":4,"pop":162981,"cap":0},"geometry":{"type":"Point","coordinates":[22.44,13.45]}},{"type":"Feature","properties":{"name":"Juba","country":"South Sudan","iso":"SS","rank":4,"pop":111975,"cap":0},"geometry":{"type":"Point","coordinates":[31.58,4.83]}},{"type":"Feature","properties":{"name":"Malakal","country":"South Sudan","iso":"SS","rank":4,"pop":160765,"cap":0},"geometry":{"type":"Point","coordinates":[31.656,9.5369]}},{"type":"Feature","properties":{"name":"Omdurman","country":"Sudan","iso":"SD","rank":4,"pop":2395159,"cap":0},"geometry":{"type":"Point","coordinates":[32.48,15.6167]}},{"type":"Feature","properties":{"name":"Al-Ubayyid","country":"Sudan","iso":"SD","rank":4,"pop":393311,"cap":0},"geometry":{"type":"Point","coordinates":[30.2167,13.1833]}},{"type":"Feature","properties":{"name":"Springbok","country":"South Africa","iso":"ZA","rank":4,"pop":10438,"cap":0},"geometry":{"type":"Point","coordinates":[17.8833,-29.6667]}},{"type":"Feature","properties":{"name":"Upington","country":"South Africa","iso":"ZA","rank":4,"pop":71373,"cap":0},"geometry":{"type":"Point","coordinates":[21.23,-28.46]}},{"type":"Feature","properties":{"name":"Worcester","country":"South Africa","iso":"ZA","rank":4,"pop":127597,"cap":0},"geometry":{"type":"Point","coordinates":[19.4399,-33.64]}},{"type":"Feature","properties":{"name":"George","country":"South Africa","iso":"ZA","rank":4,"pop":174582,"cap":0},"geometry":{"type":"Point","coordinates":[22.45,-33.95]}},{"type":"Feature","properties":{"name":"Tete","country":"Mozambique","iso":"MZ","rank":4,"pop":129316,"cap":0},"geometry":{"type":"Point","coordinates":[33.58,-16.17]}},{"type":"Feature","properties":{"name":"Pemba","country":"Mozambique","iso":"MZ","rank":4,"pop":110643,"cap":0},"geometry":{"type":"Point","coordinates":[40.5323,-12.983]}},{"type":"Feature","properties":{"name":"Nampula","country":"Mozambique","iso":"MZ","rank":4,"pop":388526,"cap":0},"geometry":{"type":"Point","coordinates":[39.293,-15.136]}},{"type":"Feature","properties":{"name":"Welkom","country":"South Africa","iso":"ZA","rank":4,"pop":431944,"cap":0},"geometry":{"type":"Point","coordinates":[26.73,-27.97]}},{"type":"Feature","properties":{"name":"Xai-Xai","country":"Mozambique","iso":"MZ","rank":4,"pop":128805,"cap":0},"geometry":{"type":"Point","coordinates":[33.64,-25.04]}},{"type":"Feature","properties":{"name":"Oujda","country":"Morocco","iso":"MA","rank":4,"pop":409391,"cap":0},"geometry":{"type":"Point","coordinates":[-1.91,34.69]}},{"type":"Feature","properties":{"name":"Safi","country":"Morocco","iso":"MA","rank":4,"pop":353476,"cap":0},"geometry":{"type":"Point","coordinates":[-9.24,32.32]}},{"type":"Feature","properties":{"name":"Quelimane","country":"Mozambique","iso":"MZ","rank":4,"pop":188964,"cap":0},"geometry":{"type":"Point","coordinates":[36.89,-17.88]}},{"type":"Feature","properties":{"name":"East London","country":"South Africa","iso":"ZA","rank":4,"pop":338627,"cap":0},"geometry":{"type":"Point","coordinates":[27.87,-32.97]}},{"type":"Feature","properties":{"name":"Middelburg","country":"South Africa","iso":"ZA","rank":4,"pop":18164,"cap":0},"geometry":{"type":"Point","coordinates":[25.01,-31.5]}},{"type":"Feature","properties":{"name":"Maiduguri","country":"Nigeria","iso":"NG","rank":4,"pop":896000,"cap":0},"geometry":{"type":"Point","coordinates":[13.1581,11.8519]}},{"type":"Feature","properties":{"name":"Port Harcourt","country":"Nigeria","iso":"NG","rank":4,"pop":1020000,"cap":0},"geometry":{"type":"Point","coordinates":[7.0081,4.8119]}},{"type":"Feature","properties":{"name":"Makurdi","country":"Nigeria","iso":"NG","rank":4,"pop":292645,"cap":0},"geometry":{"type":"Point","coordinates":[8.53,7.73]}},{"type":"Feature","properties":{"name":"Ibadan","country":"Nigeria","iso":"NG","rank":4,"pop":2628000,"cap":0},"geometry":{"type":"Point","coordinates":[3.928,7.382]}},{"type":"Feature","properties":{"name":"Ogbomosho","country":"Nigeria","iso":"NG","rank":4,"pop":951000,"cap":0},"geometry":{"type":"Point","coordinates":[4.238,8.132]}},{"type":"Feature","properties":{"name":"Warri","country":"Nigeria","iso":"NG","rank":4,"pop":830106,"cap":0},"geometry":{"type":"Point","coordinates":[5.76,5.52]}},{"type":"Feature","properties":{"name":"Kaduna","country":"Nigeria","iso":"NG","rank":4,"pop":1442000,"cap":0},"geometry":{"type":"Point","coordinates":[7.4381,10.522]}},{"type":"Feature","properties":{"name":"L\u00fcderitz","country":"Namibia","iso":"NA","rank":4,"pop":15137,"cap":0},"geometry":{"type":"Point","coordinates":[15.1594,-26.648]}},{"type":"Feature","properties":{"name":"Walvis Bay","country":"Namibia","iso":"NA","rank":4,"pop":52058,"cap":0},"geometry":{"type":"Point","coordinates":[14.5053,-22.9575]}},{"type":"Feature","properties":{"name":"Mwanza","country":"Tanzania","iso":"TZ","rank":4,"pop":493944,"cap":0},"geometry":{"type":"Point","coordinates":[32.93,-2.52]}},{"type":"Feature","properties":{"name":"Morogoro","country":"Tanzania","iso":"TZ","rank":4,"pop":250902,"cap":0},"geometry":{"type":"Point","coordinates":[37.66,-6.82]}},{"type":"Feature","properties":{"name":"Dodoma","country":"Tanzania","iso":"TZ","rank":4,"pop":218269,"cap":0},"geometry":{"type":"Point","coordinates":[35.75,-6.1833]}},{"type":"Feature","properties":{"name":"Arusha","country":"Tanzania","iso":"TZ","rank":4,"pop":341136,"cap":0},"geometry":{"type":"Point","coordinates":[36.67,-3.36]}},{"type":"Feature","properties":{"name":"Laayoune","country":"Morocco","iso":"MA","rank":4,"pop":188084,"cap":0},"geometry":{"type":"Point","coordinates":[-13.2,27.15]}},{"type":"Feature","properties":{"name":"Meru","country":"Kenya","iso":"KE","rank":4,"pop":47226,"cap":0},"geometry":{"type":"Point","coordinates":[37.64,0.06]}},{"type":"Feature","properties":{"name":"Eldoret","country":"Kenya","iso":"KE","rank":4,"pop":353381,"cap":0},"geometry":{"type":"Point","coordinates":[35.27,0.52]}},{"type":"Feature","properties":{"name":"Antsiranana","country":"Madagascar","iso":"MG","rank":4,"pop":82937,"cap":0},"geometry":{"type":"Point","coordinates":[49.3115,-12.2765]}},{"type":"Feature","properties":{"name":"Fianarantsoa","country":"Madagascar","iso":"MG","rank":4,"pop":184184,"cap":0},"geometry":{"type":"Point","coordinates":[47.0833,-21.4333]}},{"type":"Feature","properties":{"name":"Mahajanga","country":"Madagascar","iso":"MG","rank":4,"pop":154657,"cap":0},"geometry":{"type":"Point","coordinates":[46.345,-15.67]}},{"type":"Feature","properties":{"name":"Toliara","country":"Madagascar","iso":"MG","rank":4,"pop":115319,"cap":0},"geometry":{"type":"Point","coordinates":[43.69,-23.3568]}},{"type":"Feature","properties":{"name":"Mbandaka","country":"Congo (Kinshasa)","iso":"CD","rank":4,"pop":274996,"cap":0},"geometry":{"type":"Point","coordinates":[18.26,0.04]}},{"type":"Feature","properties":{"name":"Moundou","country":"Chad","iso":"TD","rank":4,"pop":156705,"cap":0},"geometry":{"type":"Point","coordinates":[16.09,8.55]}},{"type":"Feature","properties":{"name":"Suez","country":"Egypt","iso":"EG","rank":4,"pop":508335,"cap":0},"geometry":{"type":"Point","coordinates":[32.5499,30.005]}},{"type":"Feature","properties":{"name":"Bur Said","country":"Egypt","iso":"EG","rank":4,"pop":623864,"cap":0},"geometry":{"type":"Point","coordinates":[32.29,31.26]}},{"type":"Feature","properties":{"name":"El Faiyum","country":"Egypt","iso":"EG","rank":4,"pop":316772,"cap":0},"geometry":{"type":"Point","coordinates":[30.84,29.31]}},{"type":"Feature","properties":{"name":"Aswan","country":"Egypt","iso":"EG","rank":4,"pop":313442,"cap":0},"geometry":{"type":"Point","coordinates":[32.8989,24.0875]}},{"type":"Feature","properties":{"name":"Asyut","country":"Egypt","iso":"EG","rank":4,"pop":420585,"cap":0},"geometry":{"type":"Point","coordinates":[31.1799,27.19]}},{"type":"Feature","properties":{"name":"Kisangani","country":"Congo (Kinshasa)","iso":"CD","rank":4,"pop":578470,"cap":0},"geometry":{"type":"Point","coordinates":[25.22,0.52]}},{"type":"Feature","properties":{"name":"Assab","country":"Eritrea","iso":"ER","rank":4,"pop":105496,"cap":0},"geometry":{"type":"Point","coordinates":[42.73,13.01]}},{"type":"Feature","properties":{"name":"Djibouti","country":"Djibouti","iso":"DJ","rank":4,"pop":923000,"cap":1},"geometry":{"type":"Point","coordinates":[43.148,11.595]}},{"type":"Feature","properties":{"name":"Bandundu","country":"Congo (Kinshasa)","iso":"CD","rank":4,"pop":118211,"cap":0},"geometry":{"type":"Point","coordinates":[17.38,-3.31]}},{"type":"Feature","properties":{"name":"Kananga","country":"Congo (Kinshasa)","iso":"CD","rank":4,"pop":765000,"cap":0},"geometry":{"type":"Point","coordinates":[22.3981,-5.8881]}},{"type":"Feature","properties":{"name":"Kasongo","country":"Congo (Kinshasa)","iso":"CD","rank":4,"pop":63000,"cap":0},"geometry":{"type":"Point","coordinates":[26.66,-4.45]}},{"type":"Feature","properties":{"name":"Mbuji-Mayi","country":"Congo (Kinshasa)","iso":"CD","rank":4,"pop":1295000,"cap":0},"geometry":{"type":"Point","coordinates":[23.5981,-6.1481]}},{"type":"Feature","properties":{"name":"Kalemie","country":"Congo (Kinshasa)","iso":"CD","rank":4,"pop":206257,"cap":0},"geometry":{"type":"Point","coordinates":[29.2,-5.9333]}},{"type":"Feature","properties":{"name":"Butembo","country":"Congo (Kinshasa)","iso":"CD","rank":4,"pop":286403,"cap":0},"geometry":{"type":"Point","coordinates":[29.28,0.13]}},{"type":"Feature","properties":{"name":"Goma","country":"Congo (Kinshasa)","iso":"CD","rank":4,"pop":144124,"cap":0},"geometry":{"type":"Point","coordinates":[29.2218,-1.6788]}},{"type":"Feature","properties":{"name":"Mzuzu","country":"Malawi","iso":"MW","rank":4,"pop":110201,"cap":0},"geometry":{"type":"Point","coordinates":[34.02,-11.46]}},{"type":"Feature","properties":{"name":"Blantyre","country":"Malawi","iso":"MW","rank":4,"pop":584877,"cap":0},"geometry":{"type":"Point","coordinates":[34.9899,-15.79]}},{"type":"Feature","properties":{"name":"Banjul","country":"The Gambia","iso":"GM","rank":4,"pop":43094,"cap":1},"geometry":{"type":"Point","coordinates":[-16.5917,13.4539]}},{"type":"Feature","properties":{"name":"Kayes","country":"Congo (Brazzaville)","iso":"CG","rank":4,"pop":62521,"cap":0},"geometry":{"type":"Point","coordinates":[13.28,-4.18]}},{"type":"Feature","properties":{"name":"Franceville","country":"Gabon","iso":"GA","rank":4,"pop":42967,"cap":0},"geometry":{"type":"Point","coordinates":[13.5833,-1.6333]}},{"type":"Feature","properties":{"name":"Gao","country":"Mali","iso":"ML","rank":4,"pop":116967,"cap":0},"geometry":{"type":"Point","coordinates":[-0.05,16.2666]}},{"type":"Feature","properties":{"name":"Nouadhibou","country":"Mauritania","iso":"MR","rank":4,"pop":86738,"cap":0},"geometry":{"type":"Point","coordinates":[-17.056,20.9]}},{"type":"Feature","properties":{"name":"Kayes","country":"Mali","iso":"ML","rank":4,"pop":77207,"cap":0},"geometry":{"type":"Point","coordinates":[-11.44,14.45]}},{"type":"Feature","properties":{"name":"Ayoun el Atrous","country":"Mauritania","iso":"MR","rank":4,"pop":1423,"cap":0},"geometry":{"type":"Point","coordinates":[-9.6167,16.6666]}},{"type":"Feature","properties":{"name":"S\u00e9gou","country":"Mali","iso":"ML","rank":4,"pop":122952,"cap":0},"geometry":{"type":"Point","coordinates":[-6.26,13.44]}},{"type":"Feature","properties":{"name":"Al Jawf","country":"Libya","iso":"LY","rank":4,"pop":24132,"cap":0},"geometry":{"type":"Point","coordinates":[23.29,24.2]}},{"type":"Feature","properties":{"name":"Tmassa","country":"Libya","iso":"LY","rank":4,"pop":500,"cap":0},"geometry":{"type":"Point","coordinates":[15.8,26.3666]}},{"type":"Feature","properties":{"name":"Misrata","country":"Libya","iso":"LY","rank":4,"pop":386120,"cap":0},"geometry":{"type":"Point","coordinates":[15.1,32.38]}},{"type":"Feature","properties":{"name":"Zuwara","country":"Libya","iso":"LY","rank":4,"pop":180310,"cap":0},"geometry":{"type":"Point","coordinates":[12.0791,32.9344]}},{"type":"Feature","properties":{"name":"Bahir Dar","country":"Ethiopia","iso":"ET","rank":4,"pop":206748,"cap":0},"geometry":{"type":"Point","coordinates":[37.3833,11.6001]}},{"type":"Feature","properties":{"name":"Mekele","country":"Ethiopia","iso":"ET","rank":4,"pop":95856,"cap":0},"geometry":{"type":"Point","coordinates":[39.47,13.5]}},{"type":"Feature","properties":{"name":"Dire Dawa","country":"Ethiopia","iso":"ET","rank":4,"pop":252279,"cap":0},"geometry":{"type":"Point","coordinates":[41.86,9.59]}},{"type":"Feature","properties":{"name":"Pointe-Noire","country":"Congo (Brazzaville)","iso":"CG","rank":4,"pop":659084,"cap":0},"geometry":{"type":"Point","coordinates":[11.88,-4.77]}},{"type":"Feature","properties":{"name":"Kankan","country":"Guinea","iso":"GN","rank":4,"pop":114009,"cap":0},"geometry":{"type":"Point","coordinates":[-9.31,10.39]}},{"type":"Feature","properties":{"name":"Nz\u00e9r\u00e9kor\u00e9","country":"Guinea","iso":"GN","rank":4,"pop":168121,"cap":0},"geometry":{"type":"Point","coordinates":[-8.83,7.76]}},{"type":"Feature","properties":{"name":"Bouak\u00e9","country":"Ivory Coast","iso":"CI","rank":4,"pop":567481,"cap":0},"geometry":{"type":"Point","coordinates":[-5.03,7.69]}},{"type":"Feature","properties":{"name":"Ebolowa","country":"Cameroon","iso":"CM","rank":4,"pop":87875,"cap":0},"geometry":{"type":"Point","coordinates":[11.15,2.9]}},{"type":"Feature","properties":{"name":"Bambari","country":"Central African Republic","iso":"CF","rank":4,"pop":62098,"cap":0},"geometry":{"type":"Point","coordinates":[20.6672,5.762]}},{"type":"Feature","properties":{"name":"Bamenda","country":"Cameroon","iso":"CM","rank":4,"pop":445299,"cap":0},"geometry":{"type":"Point","coordinates":[10.15,5.96]}},{"type":"Feature","properties":{"name":"Garoua","country":"Cameroon","iso":"CM","rank":4,"pop":436899,"cap":0},"geometry":{"type":"Point","coordinates":[13.39,9.3]}},{"type":"Feature","properties":{"name":"Malanje","country":"Angola","iso":"AO","rank":4,"pop":125856,"cap":0},"geometry":{"type":"Point","coordinates":[16.34,-9.54]}},{"type":"Feature","properties":{"name":"Benguela","country":"Angola","iso":"AO","rank":4,"pop":151226,"cap":0},"geometry":{"type":"Point","coordinates":[13.4072,-12.5783]}},{"type":"Feature","properties":{"name":"Lubango","country":"Angola","iso":"AO","rank":4,"pop":125632,"cap":0},"geometry":{"type":"Point","coordinates":[13.49,-14.91]}},{"type":"Feature","properties":{"name":"Mo\u00e7\u00e2medes","country":"Angola","iso":"AO","rank":4,"pop":132900,"cap":0},"geometry":{"type":"Point","coordinates":[12.16,-15.19]}},{"type":"Feature","properties":{"name":"Annaba","country":"Algeria","iso":"DZ","rank":4,"pop":503524,"cap":0},"geometry":{"type":"Point","coordinates":[7.76,36.92]}},{"type":"Feature","properties":{"name":"Parakou","country":"Benin","iso":"BJ","rank":4,"pop":188853,"cap":0},"geometry":{"type":"Point","coordinates":[2.62,9.34]}},{"type":"Feature","properties":{"name":"Porto-Novo","country":"Benin","iso":"BJ","rank":4,"pop":300000,"cap":0},"geometry":{"type":"Point","coordinates":[2.6166,6.4833]}},{"type":"Feature","properties":{"name":"Constantine","country":"Algeria","iso":"DZ","rank":4,"pop":605179,"cap":0},"geometry":{"type":"Point","coordinates":[6.5999,36.36]}},{"type":"Feature","properties":{"name":"Francistown","country":"Botswana","iso":"BW","rank":4,"pop":89979,"cap":0},"geometry":{"type":"Point","coordinates":[27.5,-21.17]}},{"type":"Feature","properties":{"name":"Mahalapye","country":"Botswana","iso":"BW","rank":4,"pop":50744,"cap":0},"geometry":{"type":"Point","coordinates":[26.82,-23.1]}},{"type":"Feature","properties":{"name":"Serowe","country":"Botswana","iso":"BW","rank":4,"pop":48573,"cap":0},"geometry":{"type":"Point","coordinates":[26.71,-22.39]}},{"type":"Feature","properties":{"name":"Bobo Dioulasso","country":"Burkina Faso","iso":"BF","rank":4,"pop":360106,"cap":0},"geometry":{"type":"Point","coordinates":[-4.29,11.18]}},{"type":"Feature","properties":{"name":"Bujumbura","country":"Burundi","iso":"BI","rank":4,"pop":331700,"cap":1},"geometry":{"type":"Point","coordinates":[29.36,-3.3761]}},{"type":"Feature","properties":{"name":"Port Louis","country":"Mauritius","iso":"MU","rank":4,"pop":595491,"cap":1},"geometry":{"type":"Point","coordinates":[57.5,-20.1666]}},{"type":"Feature","properties":{"name":"Lom\u00e9","country":"Togo","iso":"TG","rank":3,"pop":1452000,"cap":1},"geometry":{"type":"Point","coordinates":[1.2208,6.1339]}},{"type":"Feature","properties":{"name":"Tunis","country":"Tunisia","iso":"TN","rank":3,"pop":2412500,"cap":1},"geometry":{"type":"Point","coordinates":[10.1797,36.8028]}},{"type":"Feature","properties":{"name":"Lusaka","country":"Zambia","iso":"ZM","rank":3,"pop":1328000,"cap":1},"geometry":{"type":"Point","coordinates":[28.2814,-15.4147]}},{"type":"Feature","properties":{"name":"Harare","country":"Zimbabwe","iso":"ZW","rank":3,"pop":1572000,"cap":1},"geometry":{"type":"Point","coordinates":[31.0428,-17.8158]}},{"type":"Feature","properties":{"name":"Bulawayo","country":"Zimbabwe","iso":"ZW","rank":3,"pop":699385,"cap":0},"geometry":{"type":"Point","coordinates":[28.58,-20.17]}},{"type":"Feature","properties":{"name":"Kampala","country":"Uganda","iso":"UG","rank":3,"pop":1420000,"cap":1},"geometry":{"type":"Point","coordinates":[32.5814,0.3186]}},{"type":"Feature","properties":{"name":"Zinder","country":"Niger","iso":"NE","rank":3,"pop":230358,"cap":0},"geometry":{"type":"Point","coordinates":[8.9833,13.8]}},{"type":"Feature","properties":{"name":"Niamey","country":"Niger","iso":"NE","rank":3,"pop":915000,"cap":1},"geometry":{"type":"Point","coordinates":[2.1147,13.5187]}},{"type":"Feature","properties":{"name":"Port Sudan","country":"Sudan","iso":"SD","rank":3,"pop":489725,"cap":0},"geometry":{"type":"Point","coordinates":[37.2164,19.6158]}},{"type":"Feature","properties":{"name":"Freetown","country":"Sierra Leone","iso":"SL","rank":3,"pop":827000,"cap":1},"geometry":{"type":"Point","coordinates":[-13.2362,8.472]}},{"type":"Feature","properties":{"name":"Agadez","country":"Niger","iso":"NE","rank":3,"pop":117770,"cap":0},"geometry":{"type":"Point","coordinates":[7.9828,16.9959]}},{"type":"Feature","properties":{"name":"Nyala","country":"Sudan","iso":"SD","rank":3,"pop":392373,"cap":0},"geometry":{"type":"Point","coordinates":[24.89,12.06]}},{"type":"Feature","properties":{"name":"Wau","country":"South Sudan","iso":"SS","rank":3,"pop":127384,"cap":0},"geometry":{"type":"Point","coordinates":[27.99,7.7]}},{"type":"Feature","properties":{"name":"Dongola","country":"Sudan","iso":"SD","rank":3,"pop":26404,"cap":0},"geometry":{"type":"Point","coordinates":[30.4833,19.1666]}},{"type":"Feature","properties":{"name":"Kassala","country":"Sudan","iso":"SD","rank":3,"pop":401477,"cap":0},"geometry":{"type":"Point","coordinates":[36.39,15.46]}},{"type":"Feature","properties":{"name":"Nacala","country":"Mozambique","iso":"MZ","rank":3,"pop":224795,"cap":0},"geometry":{"type":"Point","coordinates":[40.715,-14.5186]}},{"type":"Feature","properties":{"name":"Bloemfontein","country":"South Africa","iso":"ZA","rank":3,"pop":463064,"cap":1},"geometry":{"type":"Point","coordinates":[26.2299,-29.12]}},{"type":"Feature","properties":{"name":"Pretoria","country":"South Africa","iso":"ZA","rank":3,"pop":1338000,"cap":1},"geometry":{"type":"Point","coordinates":[28.2275,-25.705]}},{"type":"Feature","properties":{"name":"Fez","country":"Morocco","iso":"MA","rank":3,"pop":1002000,"cap":0},"geometry":{"type":"Point","coordinates":[-5.0023,34.0565]}},{"type":"Feature","properties":{"name":"Rabat","country":"Morocco","iso":"MA","rank":3,"pop":1705000,"cap":1},"geometry":{"type":"Point","coordinates":[-6.8364,34.0253]}},{"type":"Feature","properties":{"name":"Marrakesh","country":"Morocco","iso":"MA","rank":3,"pop":872000,"cap":0},"geometry":{"type":"Point","coordinates":[-8.0019,31.6319]}},{"type":"Feature","properties":{"name":"Beira","country":"Mozambique","iso":"MZ","rank":3,"pop":530604,"cap":0},"geometry":{"type":"Point","coordinates":[34.87,-19.82]}},{"type":"Feature","properties":{"name":"Port Elizabeth","country":"South Africa","iso":"ZA","rank":3,"pop":1021000,"cap":0},"geometry":{"type":"Point","coordinates":[25.5981,-33.9681]}},{"type":"Feature","properties":{"name":"Maputo","country":"Mozambique","iso":"MZ","rank":3,"pop":1446000,"cap":1},"geometry":{"type":"Point","coordinates":[32.5872,-25.9533]}},{"type":"Feature","properties":{"name":"Mogadishu","country":"Somalia","iso":"SO","rank":3,"pop":1100000,"cap":1},"geometry":{"type":"Point","coordinates":[45.3647,2.0686]}},{"type":"Feature","properties":{"name":"Enugu","country":"Nigeria","iso":"NG","rank":3,"pop":688862,"cap":0},"geometry":{"type":"Point","coordinates":[7.5,6.45]}},{"type":"Feature","properties":{"name":"Sokoto","country":"Nigeria","iso":"NG","rank":3,"pop":732178,"cap":0},"geometry":{"type":"Point","coordinates":[5.24,13.06]}},{"type":"Feature","properties":{"name":"Mbeya","country":"Tanzania","iso":"TZ","rank":3,"pop":291649,"cap":0},"geometry":{"type":"Point","coordinates":[33.43,-8.89]}},{"type":"Feature","properties":{"name":"Windhoek","country":"Namibia","iso":"NA","rank":3,"pop":268132,"cap":1},"geometry":{"type":"Point","coordinates":[17.0835,-22.57]}},{"type":"Feature","properties":{"name":"Grootfontein","country":"Namibia","iso":"NA","rank":3,"pop":24099,"cap":0},"geometry":{"type":"Point","coordinates":[18.1166,-19.5666]}},{"type":"Feature","properties":{"name":"Zanzibar","country":"Tanzania","iso":"TZ","rank":3,"pop":403658,"cap":0},"geometry":{"type":"Point","coordinates":[39.2,-6.16]}},{"type":"Feature","properties":{"name":"Abuja","country":"Nigeria","iso":"NG","rank":3,"pop":1576000,"cap":1},"geometry":{"type":"Point","coordinates":[7.4895,9.0546]}},{"type":"Feature","properties":{"name":"Bissau","country":"Guinea Bissau","iso":"GW","rank":3,"pop":403339,"cap":1},"geometry":{"type":"Point","coordinates":[-15.5984,11.865]}},{"type":"Feature","properties":{"name":"Mombasa","country":"Kenya","iso":"KE","rank":3,"pop":882000,"cap":0},"geometry":{"type":"Point","coordinates":[39.688,-4.0381]}},{"type":"Feature","properties":{"name":"Maseru","country":"Lesotho","iso":"LS","rank":3,"pop":361324,"cap":1},"geometry":{"type":"Point","coordinates":[27.4833,-29.3167]}},{"type":"Feature","properties":{"name":"Antananarivo","country":"Madagascar","iso":"MG","rank":3,"pop":1697000,"cap":1},"geometry":{"type":"Point","coordinates":[47.5147,-18.9147]}},{"type":"Feature","properties":{"name":"Bumba","country":"Congo (Kinshasa)","iso":"CD","rank":3,"pop":160539,"cap":0},"geometry":{"type":"Point","coordinates":[22.46,2.19]}},{"type":"Feature","properties":{"name":"N'Djamena","country":"Chad","iso":"TD","rank":3,"pop":989000,"cap":1},"geometry":{"type":"Point","coordinates":[15.0472,12.115]}},{"type":"Feature","properties":{"name":"Ab\u00e9ch\u00e9","country":"Chad","iso":"TD","rank":3,"pop":158317,"cap":0},"geometry":{"type":"Point","coordinates":[20.83,13.84]}},{"type":"Feature","properties":{"name":"Malabo","country":"Equatorial Guinea","iso":"GQ","rank":3,"pop":155963,"cap":1},"geometry":{"type":"Point","coordinates":[8.7833,3.75]}},{"type":"Feature","properties":{"name":"Luxor","country":"Egypt","iso":"EG","rank":3,"pop":609248,"cap":0},"geometry":{"type":"Point","coordinates":[32.65,25.7]}},{"type":"Feature","properties":{"name":"Asmara","country":"Eritrea","iso":"ER","rank":3,"pop":620802,"cap":1},"geometry":{"type":"Point","coordinates":[38.9333,15.3333]}},{"type":"Feature","properties":{"name":"Kikwit","country":"Congo (Kinshasa)","iso":"CD","rank":3,"pop":637736,"cap":0},"geometry":{"type":"Point","coordinates":[18.85,-5.03]}},{"type":"Feature","properties":{"name":"Matadi","country":"Congo (Kinshasa)","iso":"CD","rank":3,"pop":245862,"cap":0},"geometry":{"type":"Point","coordinates":[13.45,-5.8166]}},{"type":"Feature","properties":{"name":"Kolwezi","country":"Congo (Kinshasa)","iso":"CD","rank":3,"pop":418000,"cap":0},"geometry":{"type":"Point","coordinates":[25.4724,-10.7167]}},{"type":"Feature","properties":{"name":"Lubumbashi","country":"Congo (Kinshasa)","iso":"CD","rank":3,"pop":1352000,"cap":0},"geometry":{"type":"Point","coordinates":[27.4781,-11.6781]}},{"type":"Feature","properties":{"name":"Lilongwe","country":"Malawi","iso":"MW","rank":3,"pop":646750,"cap":1},"geometry":{"type":"Point","coordinates":[33.7833,-13.9833]}},{"type":"Feature","properties":{"name":"Libreville","country":"Gabon","iso":"GA","rank":3,"pop":578156,"cap":1},"geometry":{"type":"Point","coordinates":[9.458,0.3854]}},{"type":"Feature","properties":{"name":"Port-Gentil","country":"Gabon","iso":"GA","rank":3,"pop":116836,"cap":0},"geometry":{"type":"Point","coordinates":[8.78,-0.72]}},{"type":"Feature","properties":{"name":"Timbuktu","country":"Mali","iso":"ML","rank":3,"pop":68872,"cap":0},"geometry":{"type":"Point","coordinates":[-3.0166,16.7666]}},{"type":"Feature","properties":{"name":"Nouakchott","country":"Mauritania","iso":"MR","rank":3,"pop":742144,"cap":1},"geometry":{"type":"Point","coordinates":[-15.9753,18.0864]}},{"type":"Feature","properties":{"name":"Bamako","country":"Mali","iso":"ML","rank":3,"pop":1494000,"cap":1},"geometry":{"type":"Point","coordinates":[-8.002,12.652]}},{"type":"Feature","properties":{"name":"Atar","country":"Mauritania","iso":"MR","rank":3,"pop":44265,"cap":0},"geometry":{"type":"Point","coordinates":[-13.05,20.5166]}},{"type":"Feature","properties":{"name":"Djenn\u00e9","country":"Mali","iso":"ML","rank":3,"pop":32944,"cap":0},"geometry":{"type":"Point","coordinates":[-4.55,13.9]}},{"type":"Feature","properties":{"name":"Sabha","country":"Libya","iso":"LY","rank":3,"pop":100249,"cap":0},"geometry":{"type":"Point","coordinates":[14.4333,27.0333]}},{"type":"Feature","properties":{"name":"Banghazi","country":"Libya","iso":"LY","rank":3,"pop":1180000,"cap":0},"geometry":{"type":"Point","coordinates":[20.0648,32.1187]}},{"type":"Feature","properties":{"name":"Gondar","country":"Ethiopia","iso":"ET","rank":3,"pop":156230,"cap":0},"geometry":{"type":"Point","coordinates":[37.46,12.61]}},{"type":"Feature","properties":{"name":"Brazzaville","country":"Congo (Brazzaville)","iso":"CG","rank":3,"pop":1355000,"cap":1},"geometry":{"type":"Point","coordinates":[15.2827,-4.2572]}},{"type":"Feature","properties":{"name":"Conakry","country":"Guinea","iso":"GN","rank":3,"pop":1494000,"cap":1},"geometry":{"type":"Point","coordinates":[-13.6822,9.5335]}},{"type":"Feature","properties":{"name":"Yamoussoukro","country":"Ivory Coast","iso":"CI","rank":3,"pop":206499,"cap":1},"geometry":{"type":"Point","coordinates":[-5.2755,6.8184]}},{"type":"Feature","properties":{"name":"N'D\u00e9l\u00e9","country":"Central African Republic","iso":"CF","rank":3,"pop":11764,"cap":0},"geometry":{"type":"Point","coordinates":[20.653,8.4091]}},{"type":"Feature","properties":{"name":"Obo","country":"Central African Republic","iso":"CF","rank":3,"pop":12887,"cap":0},"geometry":{"type":"Point","coordinates":[26.5,5.4]}},{"type":"Feature","properties":{"name":"Bangui","country":"Central African Republic","iso":"CF","rank":3,"pop":831925,"cap":1},"geometry":{"type":"Point","coordinates":[18.5583,4.3666]}},{"type":"Feature","properties":{"name":"Maroua","country":"Cameroon","iso":"CM","rank":3,"pop":319941,"cap":0},"geometry":{"type":"Point","coordinates":[14.3247,10.5956]}},{"type":"Feature","properties":{"name":"Yaound\u00e9","country":"Cameroon","iso":"CM","rank":3,"pop":1611000,"cap":1},"geometry":{"type":"Point","coordinates":[11.5147,3.8686]}},{"type":"Feature","properties":{"name":"Menongue","country":"Angola","iso":"AO","rank":3,"pop":13030,"cap":0},"geometry":{"type":"Point","coordinates":[17.7,-14.6666]}},{"type":"Feature","properties":{"name":"Huambo","country":"Angola","iso":"AO","rank":3,"pop":1100000,"cap":0},"geometry":{"type":"Point","coordinates":[15.7581,-12.748]}},{"type":"Feature","properties":{"name":"Oran","country":"Algeria","iso":"DZ","rank":3,"pop":798000,"cap":0},"geometry":{"type":"Point","coordinates":[-0.6219,35.7119]}},{"type":"Feature","properties":{"name":"Cotonou","country":"Benin","iso":"BJ","rank":3,"pop":762000,"cap":1},"geometry":{"type":"Point","coordinates":[2.4044,6.363]}},{"type":"Feature","properties":{"name":"Tamanrasset","country":"Algeria","iso":"DZ","rank":3,"pop":76000,"cap":0},"geometry":{"type":"Point","coordinates":[5.5228,22.785]}},{"type":"Feature","properties":{"name":"Ghardaia","country":"Algeria","iso":"DZ","rank":3,"pop":125480,"cap":0},"geometry":{"type":"Point","coordinates":[3.67,32.49]}},{"type":"Feature","properties":{"name":"Gaborone","country":"Botswana","iso":"BW","rank":3,"pop":208411,"cap":1},"geometry":{"type":"Point","coordinates":[25.9119,-24.6463]}},{"type":"Feature","properties":{"name":"Ouagadougou","country":"Burkina Faso","iso":"BF","rank":3,"pop":1149000,"cap":1},"geometry":{"type":"Point","coordinates":[-1.5267,12.3723]}},{"type":"Feature","properties":{"name":"Victoria","country":"Seychelles","iso":"SC","rank":3,"pop":33576,"cap":1},"geometry":{"type":"Point","coordinates":[55.45,-4.6166]}},{"type":"Feature","properties":{"name":"S\u00e3o Tom\u00e9","country":"Sao Tome and Principe","iso":"ST","rank":3,"pop":88219,"cap":1},"geometry":{"type":"Point","coordinates":[6.7297,0.3375]}},{"type":"Feature","properties":{"name":"Praia","country":"Cape Verde","iso":"CV","rank":3,"pop":113364,"cap":1},"geometry":{"type":"Point","coordinates":[-23.5167,14.9167]}},{"type":"Feature","properties":{"name":"Khartoum","country":"Sudan","iso":"SD","rank":2,"pop":4754000,"cap":1},"geometry":{"type":"Point","coordinates":[32.5322,15.59]}},{"type":"Feature","properties":{"name":"Durban","country":"South Africa","iso":"ZA","rank":2,"pop":2729000,"cap":0},"geometry":{"type":"Point","coordinates":[31.0109,-29.8607]}},{"type":"Feature","properties":{"name":"Kano","country":"Nigeria","iso":"NG","rank":2,"pop":3140000,"cap":0},"geometry":{"type":"Point","coordinates":[8.5181,12.0019]}},{"type":"Feature","properties":{"name":"Dar es Salaam","country":"Tanzania","iso":"TZ","rank":2,"pop":2930000,"cap":1},"geometry":{"type":"Point","coordinates":[39.2664,-6.7981]}},{"type":"Feature","properties":{"name":"Monrovia","country":"Liberia","iso":"LR","rank":2,"pop":1041000,"cap":1},"geometry":{"type":"Point","coordinates":[-10.7997,6.3146]}},{"type":"Feature","properties":{"name":"Alexandria","country":"Egypt","iso":"EG","rank":2,"pop":4165000,"cap":0},"geometry":{"type":"Point","coordinates":[29.948,31.202]}},{"type":"Feature","properties":{"name":"Accra","country":"Ghana","iso":"GH","rank":2,"pop":2121000,"cap":1},"geometry":{"type":"Point","coordinates":[-0.2187,5.552]}},{"type":"Feature","properties":{"name":"Tripoli","country":"Libya","iso":"LY","rank":2,"pop":2189000,"cap":1},"geometry":{"type":"Point","coordinates":[13.18,32.8925]}},{"type":"Feature","properties":{"name":"Abidjan","country":"Ivory Coast","iso":"CI","rank":2,"pop":3802000,"cap":1},"geometry":{"type":"Point","coordinates":[-4.0202,5.3231]}},{"type":"Feature","properties":{"name":"Luanda","country":"Angola","iso":"AO","rank":2,"pop":5172900,"cap":1},"geometry":{"type":"Point","coordinates":[13.2325,-8.8363]}},{"type":"Feature","properties":{"name":"Algiers","country":"Algeria","iso":"DZ","rank":2,"pop":3354000,"cap":1},"geometry":{"type":"Point","coordinates":[3.0486,36.765]}},{"type":"Feature","properties":{"name":"Dakar","country":"Senegal","iso":"SN","rank":1,"pop":2604000,"cap":1},"geometry":{"type":"Point","coordinates":[-17.4751,14.7178]}},{"type":"Feature","properties":{"name":"Johannesburg","country":"South Africa","iso":"ZA","rank":1,"pop":3435000,"cap":0},"geometry":{"type":"Point","coordinates":[28.0281,-26.1681]}},{"type":"Feature","properties":{"name":"Casablanca","country":"Morocco","iso":"MA","rank":1,"pop":3181000,"cap":0},"geometry":{"type":"Point","coordinates":[-7.6183,33.6019]}},{"type":"Feature","properties":{"name":"Kinshasa","country":"Congo (Kinshasa)","iso":"CD","rank":1,"pop":7843000,"cap":1},"geometry":{"type":"Point","coordinates":[15.313,-4.3278]}},{"type":"Feature","properties":{"name":"Addis Ababa","country":"Ethiopia","iso":"ET","rank":1,"pop":3100000,"cap":1},"geometry":{"type":"Point","coordinates":[38.6981,9.0353]}},{"type":"Feature","properties":{"name":"Cape Town","country":"South Africa","iso":"ZA","rank":0,"pop":3215000,"cap":1},"geometry":{"type":"Point","coordinates":[18.433,-33.9181]}},{"type":"Feature","properties":{"name":"Lagos","country":"Nigeria","iso":"NG","rank":0,"pop":9466000,"cap":0},"geometry":{"type":"Point","coordinates":[3.3896,6.4452]}},{"type":"Feature","properties":{"name":"Nairobi","country":"Kenya","iso":"KE","rank":0,"pop":3010000,"cap":1},"geometry":{"type":"Point","coordinates":[36.8147,-1.2814]}},{"type":"Feature","properties":{"name":"Cairo","country":"Egypt","iso":"EG","rank":0,"pop":11893000,"cap":1},"geometry":{"type":"Point","coordinates":[31.248,30.0519]}}]}